Data_Hora;Battery;Dew Point;Gust Speed;PAR;RH;Rain;Solar Radiation;Temperature;Water Content;Wind Direction;Wind Speed
2026-03-09 19:05:00Z;4.21;12.93;4.68;486.25;45.95;0.0;250.62;25.39;0.35;106.7;3.01
2026-03-09 19:10:00Z;4.21;13.33;4.01;1058.75;47.09;0.0;541.88;25.41;0.35;112.31;2.0
2026-03-09 19:15:00Z;4.21;12.99;5.34;548.75;44.47;0.0;280.62;26.01;0.35;129.16;2.67
2026-03-09 19:20:00Z;4.21;13.62;4.01;1463.75;45.73;0.0;774.38;26.22;0.35;103.89;2.67
2026-03-09 19:25:00Z;4.21;13.17;4.34;1433.75;43.59;0.0;755.62;26.54;0.35;129.16;2.34
2026-03-09 19:30:00Z;4.21;13.23;5.68;471.25;43.71;0.0;228.12;26.57;0.35;123.55;3.01
2026-03-09 19:35:00Z;4.21;12.86;4.68;433.75;45.91;0.0;205.62;25.32;0.35;120.74;3.01
2026-03-09 19:40:00Z;4.21;13.27;4.68;1088.75;45.34;0.0;571.88;25.99;0.35;122.14;2.67
2026-03-09 19:45:00Z;4.21;13.98;4.34;1176.25;45.19;0.0;626.88;26.82;0.35;123.55;2.34
2026-03-09 19:50:00Z;4.21;13.33;5.01;1156.25;43.5;0.0;619.38;26.76;0.35;101.08;3.34
2026-03-09 21:00:00Z;4.21;13.57;3.01;416.25;46.7;0.0;216.88;25.82;0.35;115.12;1.67
2026-03-09 21:05:00Z;4.2;12.9;3.01;366.25;45.18;0.0;189.38;25.64;0.35;105.29;2.0
2026-03-09 21:10:00Z;4.2;13.21;3.67;326.25;46.57;0.0;166.88;25.47;0.35;105.29;2.0
2026-03-09 21:15:00Z;4.2;13.08;3.67;286.25;46.89;0.0;149.38;25.21;0.35;119.33;2.34
2026-03-09 21:20:00Z;4.2;12.75;3.67;253.75;46.54;0.0;131.88;24.98;0.35;106.7;2.0
2026-03-09 21:25:00Z;4.2;13.09;4.01;93.75;48.55;0.0;33.12;24.64;0.35;113.72;2.0
2026-03-09 21:30:00Z;4.2;12.86;4.34;83.75;48.77;0.0;29.38;24.31;0.35;126.35;2.34
2026-03-09 21:35:00Z;4.2;12.92;4.01;78.75;49.53;0.0;28.12;24.12;0.35;124.95;2.0
2026-03-09 21:40:00Z;4.2;13.04;3.34;68.75;50.29;0.0;25.62;23.99;0.35;133.37;2.0
2026-03-09 21:45:00Z;4.2;13.09;2.67;61.25;51.52;0.0;23.12;23.65;0.35;137.58;1.34
2026-03-09 21:50:00Z;4.2;13.26;2.67;53.75;52.97;0.0;20.62;23.37;0.35;131.97;1.67
2026-03-09 22:05:00Z;4.2;13.05;2.34;21.25;55.16;0.0;8.12;22.47;0.35;122.14;1.34
2026-03-09 22:10:00Z;4.2;13.06;2.67;13.75;55.7;0.0;4.38;22.32;0.35;127.76;1.34
2026-03-09 22:15:00Z;4.2;12.99;2.67;6.25;56.03;0.0;1.88;22.15;0.35;127.76;1.34
2026-03-09 22:20:00Z;4.2;12.89;2.0;3.75;57.32;0.0;0.62;21.68;0.35;123.55;1.0
2026-03-09 22:25:00Z;4.2;12.8;2.34;1.25;57.66;0.0;0.62;21.48;0.35;123.55;1.0
2026-03-09 22:30:00Z;4.2;12.78;1.67;1.25;58.47;0.0;0.62;21.23;0.35;117.93;0.67
2026-03-09 22:35:00Z;4.2;12.77;1.67;1.25;59.17;0.0;0.62;21.03;0.35;119.33;0.67
2026-03-09 22:40:00Z;4.2;12.8;1.34;1.25;60.37;0.0;0.62;20.73;0.35;117.93;0.67
2026-03-09 22:45:00Z;4.2;12.65;1.0;1.25;60.91;0.0;0.62;20.43;0.35;112.31;0.67
2026-03-09 22:50:00Z;4.2;12.73;0.67;1.25;62.45;0.0;0.62;20.11;0.35;113.72;0.33
2026-03-10 04:05:00Z;4.19;12.91;2.0;1.25;83.8;0.0;0.62;15.63;0.35;108.1;1.0
2026-03-10 04:10:00Z;4.19;12.89;2.34;1.25;83.99;0.0;0.62;15.56;0.35;106.7;1.0
2026-03-10 04:15:00Z;4.2;12.91;2.0;1.25;84.26;0.0;0.62;15.54;0.35;103.89;1.0
2026-03-10 04:20:00Z;4.19;12.87;1.67;1.25;84.57;0.0;0.62;15.43;0.35;106.7;1.0
2026-03-10 04:25:00Z;4.19;12.81;1.67;1.25;84.96;0.0;0.62;15.31;0.35;108.1;1.0
2026-03-10 04:30:00Z;4.2;12.82;1.34;1.25;85.59;0.0;0.62;15.2;0.35;102.49;1.0
2026-03-10 04:35:00Z;4.2;12.73;1.67;1.25;86.04;0.0;0.62;15.03;0.35;105.29;0.67
2026-03-10 04:40:00Z;4.2;12.67;1.34;1.25;86.21;0.0;0.62;14.94;0.35;106.7;0.67
2026-03-10 04:45:00Z;4.2;12.64;1.34;1.25;86.73;0.0;0.62;14.81;0.35;108.1;0.67
2026-03-10 04:50:00Z;4.19;12.56;1.34;1.25;87.23;0.0;0.62;14.64;0.35;103.89;0.67
2026-03-10 07:00:00Z;4.19;12.52;1.0;1.25;92.51;0.0;0.62;13.7;0.35;127.76;0.67
2026-03-10 07:05:00Z;4.19;12.48;1.0;1.25;92.36;0.0;0.62;13.68;0.35;122.14;0.67
2026-03-10 07:10:00Z;4.19;12.41;1.0;1.25;92.47;0.0;0.62;13.59;0.35;112.31;0.33
2026-03-10 07:15:00Z;4.19;12.42;1.34;1.25;92.78;0.0;0.62;13.55;0.35;119.33;0.67
2026-03-10 07:20:00Z;4.19;12.37;1.67;1.25;92.62;0.0;0.62;13.53;0.35;126.35;0.67
2026-03-10 07:25:00Z;4.19;12.46;1.34;1.25;92.89;0.0;0.62;13.57;0.35;126.35;0.33
2026-03-10 07:30:00Z;4.19;12.46;1.67;1.25;92.78;0.0;0.62;13.59;0.35;126.35;0.67
2026-03-10 07:35:00Z;4.19;12.42;1.67;1.25;92.91;0.0;0.62;13.53;0.35;126.35;1.0
2026-03-10 07:40:00Z;4.19;12.32;1.34;1.25;92.83;0.0;0.62;13.44;0.35;124.95;0.67
2026-03-10 07:45:00Z;4.19;12.28;1.34;1.25;92.96;0.0;0.62;13.38;0.35;122.14;1.0
2026-03-10 07:50:00Z;4.19;12.2;1.34;1.25;93.0;0.0;0.62;13.29;0.35;124.95;0.67
2026-03-10 09:10:00Z;4.19;11.96;1.34;1.25;94.29;0.0;0.62;12.84;0.35;120.74;0.67
2026-03-10 09:15:00Z;4.19;11.97;1.34;1.25;94.23;0.0;0.62;12.86;0.35;123.55;0.67
2026-03-10 09:20:00Z;4.19;11.97;1.34;1.25;94.24;0.0;0.62;12.86;0.35;126.35;0.67
2026-03-10 09:25:00Z;4.19;11.96;1.34;1.25;94.14;0.0;0.62;12.86;0.35;119.33;0.67
2026-03-10 09:30:00Z;4.19;11.94;1.67;1.25;94.02;0.0;0.62;12.86;0.35;131.97;1.0
2026-03-10 09:35:00Z;4.19;11.94;2.0;3.75;94.15;0.0;1.88;12.84;0.35;131.97;1.0
2026-03-10 09:40:00Z;4.19;11.88;2.0;8.75;93.96;0.0;3.12;12.82;0.35;136.18;1.0
2026-03-10 09:45:00Z;4.19;11.82;1.67;16.25;93.96;0.0;5.62;12.75;0.35;126.35;0.67
2026-03-10 09:50:00Z;4.2;11.85;1.0;26.25;94.14;0.0;10.62;12.75;0.35;133.37;0.67
2026-03-10 11:05:00Z;4.2;13.29;2.34;498.75;84.12;0.0;278.12;15.95;0.35;129.16;1.67
2026-03-10 11:10:00Z;4.2;13.77;2.0;536.25;83.78;0.0;298.12;16.51;0.35;131.97;1.34
2026-03-10 11:15:00Z;4.2;13.42;3.01;571.25;82.45;0.0;316.88;16.4;0.35;137.58;2.0
2026-03-10 11:20:00Z;4.2;13.44;3.01;611.25;81.97;0.0;335.62;16.51;0.35;115.12;2.0
2026-03-10 11:25:00Z;4.24;13.52;3.34;648.75;80.4;0.0;354.38;16.89;0.35;119.33;1.67
2026-03-10 11:30:00Z;4.22;13.62;3.34;686.25;79.98;0.0;371.88;17.09;0.35;119.33;2.0
2026-03-10 11:35:00Z;4.21;13.57;4.01;718.75;79.14;0.0;389.38;17.19;0.35;120.74;2.34
2026-03-10 11:40:00Z;4.21;13.8;3.34;761.25;78.1;0.0;409.38;17.64;0.35;119.33;2.0
2026-03-10 11:45:00Z;4.21;13.87;4.34;793.75;77.42;0.0;426.88;17.86;0.35;129.16;2.34
2026-03-10 11:50:00Z;4.21;14.11;4.01;831.25;76.23;0.0;445.62;18.35;0.35;130.56;2.34
2026-03-10 13:40:00Z;4.21;15.06;5.01;1261.25;63.66;0.0;640.62;22.26;0.35;105.29;2.67
2026-03-10 13:45:00Z;4.2;14.95;5.01;1298.75;62.25;0.0;666.88;22.51;0.35;101.08;3.01
2026-03-10 13:50:00Z;4.2;15.15;4.68;1303.75;61.73;0.0;670.62;22.86;0.35;87.04;2.34
2026-03-10 13:55:00Z;4.2;14.65;3.67;1391.25;58.93;0.0;718.12;23.09;0.35;116.53;2.0
2026-03-10 14:00:00Z;4.2;14.59;3.34;1201.25;58.94;0.0;616.88;23.03;0.35;96.87;2.34
2026-03-10 14:05:00Z;4.21;15.04;3.34;1226.25;60.54;0.0;631.88;23.07;0.35;105.29;2.0
2026-03-10 14:10:00Z;4.2;14.96;3.34;1116.25;60.98;0.0;569.38;22.86;0.35;105.29;1.67
2026-03-10 14:15:00Z;4.2;15.2;4.34;2013.75;59.9;0.0;1053.12;23.41;0.35;91.25;2.34
2026-03-10 14:20:00Z;4.2;15.02;4.68;1428.75;59.5;0.0;726.88;23.33;0.35;116.53;2.67
2026-03-10 16:40:00Z;4.2;14.23;3.01;601.25;49.23;0.0;308.12;25.64;0.34;130.56;2.0
2026-03-10 16:45:00Z;4.2;14.54;4.01;2181.25;48.05;0.0;1149.38;26.39;0.34;146.01;2.0
2026-03-10 16:50:00Z;4.2;14.59;5.01;1758.75;49.08;0.0;910.62;26.09;0.34;147.41;3.34
2026-03-10 16:55:00Z;4.2;14.48;4.01;741.25;49.16;0.0;384.38;25.94;0.34;137.58;1.67
2026-03-10 17:00:00Z;4.2;14.06;3.67;948.75;48.28;0.0;481.88;25.79;0.34;134.78;2.34
2026-03-10 17:05:00Z;4.2;14.27;4.34;2368.75;46.98;0.0;1245.62;26.48;0.34;131.97;2.67
2026-03-10 17:10:00Z;4.2;14.33;4.34;1176.25;47.78;0.0;596.88;26.27;0.34;95.47;2.34
2026-03-10 17:15:00Z;4.2;14.09;3.34;1346.25;48.06;0.0;676.88;25.9;0.34;117.93;2.0
2026-03-10 17:20:00Z;4.2;14.27;4.01;656.25;49.06;0.0;326.88;25.75;0.34;115.12;2.67
2026-03-10 18:55:00Z;4.24;14.23;4.68;1598.75;45.71;0.0;826.88;26.91;0.34;126.35;2.34
2026-03-10 19:00:00Z;4.22;13.2;3.67;561.25;43.95;0.0;266.88;26.44;0.34;133.37;2.34
2026-03-10 19:05:00Z;4.21;13.68;3.34;1401.25;43.87;0.0;716.88;27.0;0.34;98.27;1.67
2026-03-10 19:10:00Z;4.21;12.99;3.67;1278.75;41.43;0.0;656.88;27.21;0.34;102.49;2.34
2026-03-10 19:15:00Z;4.21;13.29;3.01;1246.25;41.2;0.0;644.38;27.64;0.34;116.53;1.67
2026-03-10 19:20:00Z;4.21;13.78;3.01;998.75;43.88;0.0;510.62;27.1;0.34;141.8;1.67
2026-03-10 19:25:00Z;4.21;14.34;6.68;1326.25;44.72;0.0;701.88;27.4;0.34;148.82;3.01
2026-03-10 19:30:00Z;4.21;13.91;5.01;398.75;44.76;0.0;198.12;26.91;0.34;134.78;3.34
2026-03-10 19:35:00Z;4.21;13.81;5.01;338.75;47.3;0.0;165.62;25.86;0.34;141.8;2.67
2026-03-10 19:40:00Z;4.21;14.29;3.34;273.75;49.12;0.0;126.88;25.75;0.34;146.01;1.67
2026-03-10 19:45:00Z;4.21;14.17;2.67;268.75;49.31;0.0;121.88;25.56;0.34;141.8;1.67
2026-03-10 19:50:00Z;4.21;14.23;2.67;331.25;47.82;0.0;155.62;26.14;0.34;151.62;1.34
2026-03-10 20:05:00Z;4.21;14.31;5.34;538.75;45.93;0.0;270.62;26.91;0.34;112.31;3.01
2026-03-10 20:10:00Z;4.21;14.26;4.68;358.75;47.94;0.0;171.88;26.14;0.34;106.7;2.67
2026-03-10 20:15:00Z;4.21;14.61;3.34;708.75;47.48;0.0;365.62;26.67;0.34;124.95;2.34
2026-03-10 20:20:00Z;4.21;14.4;3.67;621.25;47.26;0.0;315.62;26.52;0.34;127.76;2.34
2026-03-10 20:25:00Z;4.2;14.27;3.67;491.25;47.58;0.0;246.88;26.27;0.34;137.58;2.34
2026-03-10 20:30:00Z;4.21;14.55;3.01;556.25;48.52;0.0;285.62;26.24;0.34;143.2;2.0
2026-03-10 20:35:00Z;4.21;14.4;3.67;456.25;48.0;0.0;230.62;26.27;0.34;134.78;2.0
2026-03-10 20:40:00Z;4.2;14.23;4.01;481.25;47.83;0.0;248.12;26.14;0.34;150.22;2.0
2026-03-10 20:45:00Z;4.2;14.54;4.01;541.25;48.2;0.0;280.62;26.35;0.34;140.39;2.34
2026-03-10 20:50:00Z;4.2;14.81;3.67;506.25;48.73;0.0;261.88;26.46;0.34;133.37;2.34
2026-03-10 22:00:00Z;4.2;15.52;4.34;16.25;60.02;0.0;8.12;23.71;0.34;98.27;2.34
2026-03-10 22:05:00Z;4.2;15.47;3.67;8.75;60.65;0.0;3.12;23.5;0.34;101.08;2.34
2026-03-10 22:10:00Z;4.2;15.53;3.67;6.25;61.65;0.0;1.88;23.28;0.34;105.29;2.0
2026-03-10 22:15:00Z;4.2;15.59;3.67;3.75;62.52;0.0;0.62;23.11;0.34;109.51;2.0
2026-03-10 22:20:00Z;4.2;15.46;2.67;1.25;63.25;0.0;0.62;22.79;0.34;109.51;1.67
2026-03-10 22:25:00Z;4.2;15.41;3.01;1.25;63.53;0.0;0.62;22.66;0.34;108.1;1.67
2026-03-10 22:30:00Z;4.2;15.49;2.34;1.25;65.01;0.0;0.62;22.36;0.34;99.68;1.34
2026-03-10 22:35:00Z;4.2;15.55;2.67;1.25;65.81;0.0;0.62;22.23;0.34;99.68;1.67
2026-03-10 22:40:00Z;4.2;15.48;2.67;1.25;66.27;0.0;0.62;22.04;0.34;98.27;1.34
2026-03-10 22:45:00Z;4.2;15.52;2.34;1.25;66.86;0.0;0.62;21.93;0.34;96.87;1.34
2026-03-10 22:50:00Z;4.2;15.51;2.67;1.25;67.73;0.0;0.62;21.72;0.34;99.68;1.34
2026-03-10 22:55:00Z;4.2;15.5;1.67;1.25;68.83;0.0;0.62;21.44;0.34;99.68;1.0
2026-03-10 23:00:00Z;4.2;15.43;1.34;1.25;69.82;0.0;0.62;21.14;0.34;102.49;0.67
2026-03-10 23:05:00Z;4.2;15.43;5.01;1.25;68.45;0.0;0.62;21.46;0.34;96.87;2.0
2026-03-10 23:10:00Z;4.2;15.43;5.34;1.25;67.11;0.0;0.62;21.78;0.34;95.47;3.01
2026-03-10 23:15:00Z;4.2;15.44;5.01;1.25;67.67;0.0;0.62;21.65;0.34;92.66;2.67
2026-03-10 23:20:00Z;4.2;15.46;5.01;1.25;68.03;0.0;0.62;21.59;0.34;95.47;3.34
2026-03-10 23:25:00Z;4.2;15.52;5.01;1.25;69.09;0.0;0.62;21.4;0.34;92.66;3.01
2026-03-10 23:30:00Z;4.2;15.54;4.68;1.25;70.01;0.0;0.62;21.2;0.34;91.25;2.34
2026-03-10 23:35:00Z;4.2;15.51;3.67;1.25;70.61;0.0;0.62;21.03;0.34;94.06;2.0
2026-03-10 23:40:00Z;4.2;15.51;2.67;1.25;71.45;0.0;0.62;20.84;0.34;96.87;1.67
2026-03-10 23:45:00Z;4.2;15.57;3.01;1.25;72.12;0.0;0.62;20.75;0.34;91.25;1.67
2026-03-10 23:50:00Z;4.2;15.63;3.67;1.25;72.32;0.0;0.62;20.78;0.34;94.06;2.34
2026-03-11 04:05:00Z;4.19;14.32;1.67;1.25;91.32;0.0;0.62;15.71;0.34;120.74;0.67
2026-03-11 04:10:00Z;4.19;14.15;1.0;1.25;91.44;0.0;0.62;15.52;0.34;98.27;0.33
2026-03-11 04:15:00Z;4.19;14.03;1.0;1.25;91.48;0.0;0.62;15.39;0.34;106.7;0.67
2026-03-11 04:20:00Z;4.19;13.99;0.67;1.25;91.77;0.0;0.62;15.31;0.34;113.72;0.67
2026-03-11 04:25:00Z;4.19;13.94;1.0;1.25;91.95;0.0;0.62;15.22;0.34;116.53;0.67
2026-03-11 04:30:00Z;4.19;13.95;1.0;1.25;92.03;0.0;0.62;15.22;0.34;120.74;0.67
2026-03-11 04:35:00Z;4.19;13.81;1.0;1.25;92.33;0.0;0.62;15.03;0.34;117.93;0.33
2026-03-11 04:40:00Z;4.19;13.87;0.67;1.25;92.72;0.0;0.62;15.03;0.34;106.7;0.33
2026-03-11 04:45:00Z;4.2;13.82;0.33;1.25;92.74;0.0;0.62;14.96;0.34;96.87;0.33
2026-03-11 04:50:00Z;4.19;13.86;1.0;1.25;92.9;0.0;0.62;14.98;0.34;96.87;0.33
2026-03-11 07:00:00Z;4.19;14.0;1.0;1.25;94.14;0.0;0.62;14.92;0.34;151.62;0.33
2026-03-11 07:05:00Z;4.19;13.84;0.67;1.25;94.31;0.0;0.62;14.73;0.34;137.58;0.33
2026-03-11 07:10:00Z;4.19;13.81;1.0;1.25;94.37;0.0;0.62;14.68;0.34;129.16;0.33
2026-03-11 07:15:00Z;4.19;13.82;1.34;1.25;94.42;0.0;0.62;14.68;0.34;144.6;0.67
2026-03-11 07:20:00Z;4.19;13.76;1.34;1.25;94.5;0.0;0.62;14.62;0.34;148.82;0.67
2026-03-11 07:25:00Z;4.19;13.83;1.0;1.25;94.5;0.0;0.62;14.68;0.34;144.6;0.67
2026-03-11 07:30:00Z;4.19;13.79;1.0;1.25;94.52;0.0;0.62;14.64;0.34;144.6;0.67
2026-03-11 07:35:00Z;4.19;13.94;1.0;1.25;94.92;0.0;0.62;14.73;0.34;137.58;0.67
2026-03-11 07:40:00Z;4.19;14.1;1.34;1.25;95.01;0.0;0.62;14.88;0.34;133.37;0.67
2026-03-11 07:45:00Z;4.19;14.13;1.34;1.25;94.92;0.0;0.62;14.92;0.34;137.58;0.67
2026-03-11 07:50:00Z;4.19;14.24;1.67;1.25;94.92;0.0;0.62;15.03;0.34;146.01;1.0
2026-03-11 09:10:00Z;4.19;14.03;2.34;1.25;95.09;0.0;0.62;14.79;0.34;146.01;1.0
2026-03-11 09:15:00Z;4.19;13.98;2.0;1.25;95.17;0.0;0.62;14.73;0.34;153.03;1.34
2026-03-11 09:20:00Z;4.19;13.97;2.67;1.25;95.12;0.0;0.62;14.73;0.34;148.82;1.34
2026-03-11 09:25:00Z;4.19;13.93;2.0;1.25;95.11;0.0;0.62;14.68;0.34;155.84;1.0
2026-03-11 09:30:00Z;4.19;13.92;1.67;1.25;95.17;0.0;0.62;14.66;0.34;161.45;1.0
2026-03-11 09:35:00Z;4.19;13.92;2.34;1.25;95.18;0.0;0.62;14.66;0.34;168.47;1.34
2026-03-11 09:40:00Z;4.19;13.99;1.67;6.25;95.22;0.0;1.88;14.73;0.34;160.05;1.0
2026-03-11 09:45:00Z;4.19;14.02;2.67;11.25;95.19;0.0;4.38;14.77;0.34;158.64;1.34
2026-03-11 09:50:00Z;4.2;14.12;2.34;16.25;95.26;0.0;5.62;14.86;0.34;164.26;1.34
2026-03-11 11:00:00Z;4.21;15.49;2.67;221.25;90.61;0.0;103.12;17.02;0.34;124.95;1.67
2026-03-11 11:05:00Z;4.21;15.49;3.34;176.25;91.43;0.0;81.88;16.87;0.34;131.97;1.67
2026-03-11 11:10:00Z;4.21;15.79;2.67;266.25;92.35;0.0;131.88;17.02;0.34;136.18;1.34
2026-03-11 11:15:00Z;4.21;15.78;2.34;301.25;92.05;0.0;153.12;17.06;0.34;134.78;1.34
2026-03-11 11:20:00Z;4.2;16.02;3.01;336.25;92.09;0.0;166.88;17.3;0.34;144.6;1.67
2026-03-11 11:25:00Z;4.2;16.23;3.01;316.25;92.05;0.0;158.12;17.52;0.34;120.74;1.67
2026-03-11 11:30:00Z;4.2;16.74;2.67;376.25;92.16;0.0;186.88;18.01;0.34;108.1;1.67
2026-03-11 11:35:00Z;4.2;16.86;3.67;458.75;91.36;0.0;235.62;18.27;0.34;101.08;2.34
2026-03-11 11:40:00Z;4.2;16.83;4.01;516.25;90.57;0.0;268.12;18.37;0.34;103.89;2.34
2026-03-11 11:45:00Z;4.2;16.92;3.67;586.25;89.75;0.0;304.38;18.61;0.34;105.29;2.34
2026-03-11 11:50:00Z;4.2;17.39;3.34;611.25;89.95;0.0;314.38;19.06;0.34;108.1;2.0
2026-03-11 14:10:00Z;4.2;17.84;5.68;853.75;79.13;0.0;443.12;21.59;0.34;129.16;3.34
2026-03-11 14:15:00Z;4.2;18.15;5.34;1083.75;78.5;0.0;560.62;22.04;0.34;131.97;3.01
2026-03-11 14:20:00Z;4.2;18.15;4.34;818.75;75.98;0.0;415.62;22.58;0.34;127.76;2.67
2026-03-11 14:25:00Z;4.25;18.01;5.01;658.75;75.5;0.0;345.62;22.53;0.34;112.31;3.01
2026-03-11 14:30:00Z;4.22;18.68;5.01;1101.25;76.12;0.0;554.38;23.09;0.34;123.55;2.67
2026-03-11 14:35:00Z;4.21;18.16;4.68;1176.25;73.99;0.0;595.62;23.03;0.34;138.99;2.67
2026-03-11 14:40:00Z;4.21;18.26;4.34;1103.75;73.37;0.0;573.12;23.26;0.34;134.78;2.34
2026-03-11 14:45:00Z;4.21;17.68;5.34;926.25;73.27;0.0;483.12;22.68;0.34;119.33;3.01
2026-03-11 14:50:00Z;4.21;18.16;4.34;828.75;73.87;0.0;433.12;23.05;0.34;129.16;2.67
2026-03-11 17:40:00Z;4.2;18.57;4.68;761.25;68.71;0.0;381.88;24.68;0.34;151.62;3.01
2026-03-11 17:45:00Z;4.2;19.12;4.01;2286.25;68.64;0.0;1183.12;25.28;0.34;150.22;2.0
2026-03-11 17:50:00Z;4.2;18.36;6.01;466.25;65.03;0.0;261.88;25.39;0.34;154.43;3.01
2026-03-11 17:55:00Z;4.2;18.2;6.01;546.25;67.42;0.0;288.12;24.61;0.34;169.87;3.34
2026-03-11 18:00:00Z;4.2;18.5;6.01;511.25;68.7;0.0;264.38;24.61;0.34;136.18;3.01
2026-03-11 18:05:00Z;4.2;18.23;4.34;713.75;66.78;0.0;360.62;24.81;0.34;140.39;2.67
2026-03-11 18:10:00Z;4.2;18.28;4.01;418.75;66.29;0.0;221.88;24.98;0.34;146.01;2.0
2026-03-11 18:15:00Z;4.2;18.18;5.68;306.25;69.96;0.0;160.62;23.97;0.34;123.55;3.34
2026-03-11 18:20:00Z;4.2;18.32;5.68;331.25;72.53;0.0;163.12;23.52;0.34;146.01;3.01
2026-03-11 19:05:00Z;4.2;18.73;6.01;1258.75;69.31;0.0;628.12;24.7;0.34;150.22;3.34
2026-03-11 19:10:00Z;4.2;18.64;7.35;1193.75;68.43;0.0;595.62;24.83;0.34;154.43;3.67
2026-03-11 19:15:00Z;4.2;18.56;5.68;1158.75;67.64;0.0;580.62;24.94;0.34;154.43;3.34
2026-03-11 19:20:00Z;4.2;18.79;5.68;1181.25;66.32;0.0;596.88;25.52;0.34;143.2;3.01
2026-03-11 19:25:00Z;4.2;18.52;7.35;1238.75;66.1;0.0;636.88;25.28;0.34;150.22;4.01
2026-03-11 19:30:00Z;4.2;18.82;6.01;1466.25;66.59;0.0;766.88;25.47;0.34;138.99;4.01
2026-03-11 19:35:00Z;4.2;18.48;6.35;263.75;69.78;0.0;124.38;24.34;0.34;117.93;4.01
2026-03-11 19:40:00Z;4.2;17.94;5.34;186.25;70.82;0.0;73.12;23.52;0.34;122.14;4.01
2026-03-11 19:45:00Z;4.2;18.07;6.01;323.75;71.78;0.0;139.38;23.43;0.34;124.95;3.01
2026-03-11 19:50:00Z;4.2;18.49;3.34;936.25;69.27;0.0;471.88;24.46;0.34;140.39;1.67
2026-03-11 21:00:00Z;4.2;18.44;6.68;506.25;73.53;0.0;273.12;23.41;0.34;137.58;3.67
2026-03-11 21:05:00Z;4.2;18.34;8.02;468.75;73.38;0.0;254.38;23.35;0.34;129.16;4.01
2026-03-11 21:10:00Z;4.2;18.18;6.35;266.25;74.18;0.0;135.62;23.01;0.34;131.97;3.67
2026-03-11 21:15:00Z;4.21;18.12;6.01;201.25;73.52;0.0;99.38;23.09;0.34;129.16;3.34
2026-03-11 21:20:00Z;4.2;17.9;5.34;281.25;74.02;0.0;158.12;22.75;0.34;130.56;3.01
2026-03-11 21:25:00Z;4.2;17.86;6.35;138.75;74.01;0.0;73.12;22.71;0.34;126.35;3.67
2026-03-11 21:30:00Z;4.2;18.05;4.68;116.25;74.53;0.0;59.38;22.79;0.34;117.93;2.67
2026-03-11 21:35:00Z;4.21;17.87;4.01;91.25;74.45;0.0;45.62;22.62;0.34;126.35;2.34
2026-03-11 21:40:00Z;4.2;17.82;6.68;93.75;75.02;0.0;54.38;22.45;0.34;126.35;3.01
2026-03-11 21:45:00Z;4.2;17.78;5.34;38.75;74.89;0.0;23.12;22.43;0.34;130.56;3.34
2026-03-11 21:50:00Z;4.2;17.72;4.68;33.75;75.2;0.0;15.62;22.3;0.34;129.16;3.01
2026-03-11 22:00:00Z;4.2;17.59;6.68;23.75;77.78;0.0;11.88;21.61;0.34;129.16;3.34
2026-03-11 22:05:00Z;4.2;17.62;4.01;13.75;78.53;0.0;5.62;21.48;0.34;129.16;2.67
2026-03-11 22:10:00Z;4.2;17.63;4.34;8.75;79.34;0.0;3.12;21.33;0.34;134.78;2.67
2026-03-11 22:15:00Z;4.2;17.62;4.68;3.75;80.0;0.0;1.88;21.18;0.34;134.78;3.01
2026-03-11 22:20:00Z;4.2;17.65;5.34;1.25;80.39;0.0;0.62;21.14;0.34;126.35;2.67
2026-03-11 22:25:00Z;4.2;17.66;4.01;1.25;80.4;0.0;0.62;21.14;0.34;123.55;2.34
2026-03-11 22:30:00Z;4.2;17.64;4.34;1.25;80.53;0.0;0.62;21.1;0.34;129.16;2.67
2026-03-11 22:35:00Z;4.2;17.66;5.01;1.25;80.82;0.0;0.62;21.05;0.34;129.16;3.01
2026-03-11 22:40:00Z;4.2;17.68;4.01;1.25;81.14;0.0;0.62;21.01;0.34;133.37;2.67
2026-03-11 22:45:00Z;4.2;17.6;4.34;1.25;81.06;0.0;0.62;20.95;0.34;126.35;2.67
2026-03-11 22:50:00Z;4.2;17.58;5.01;1.25;80.97;0.0;0.62;20.95;0.34;127.76;3.01
2026-03-11 22:55:00Z;4.2;17.54;5.68;1.25;81.07;0.0;0.62;20.88;0.34;140.39;3.01
2026-03-11 23:00:00Z;4.2;17.53;4.68;1.25;81.23;0.0;0.62;20.84;0.34;130.56;3.01
2026-03-11 23:05:00Z;4.2;17.51;5.68;1.25;81.48;0.0;0.62;20.78;0.34;134.78;3.01
2026-03-11 23:10:00Z;4.2;17.46;6.01;1.25;81.78;0.0;0.62;20.67;0.34;140.39;3.67
2026-03-11 23:15:00Z;4.2;17.43;5.34;1.25;82.13;0.0;0.62;20.56;0.34;134.78;3.01
2026-03-11 23:20:00Z;4.2;17.4;6.01;1.25;82.22;0.0;0.62;20.52;0.34;130.56;3.34
2026-03-11 23:25:00Z;4.2;17.38;6.01;1.25;82.43;0.0;0.62;20.45;0.34;136.18;3.34
2026-03-11 23:30:00Z;4.2;17.41;5.01;1.25;82.7;0.0;0.62;20.43;0.34;124.95;2.34
2026-03-11 23:35:00Z;4.2;17.37;6.01;1.25;82.69;0.0;0.62;20.39;0.34;126.35;2.67
2026-03-11 23:40:00Z;4.2;17.39;5.34;1.25;82.68;0.0;0.62;20.41;0.34;124.95;3.01
2026-03-11 23:45:00Z;4.2;17.32;5.01;1.25;82.76;0.0;0.62;20.32;0.34;126.35;2.67
2026-03-11 23:50:00Z;4.2;17.36;4.68;1.25;82.73;0.0;0.62;20.37;0.34;127.76;3.01
2026-03-12 04:10:00Z;4.2;16.94;2.34;1.25;91.71;0.0;0.62;18.29;0.34;160.05;1.34
2026-03-12 04:15:00Z;4.2;16.88;2.0;1.25;91.88;0.0;0.62;18.2;0.34;157.24;1.0
2026-03-12 04:20:00Z;4.2;16.82;1.67;1.25;92.16;0.0;0.62;18.09;0.34;151.62;1.0
2026-03-12 04:25:00Z;4.2;16.81;2.34;1.25;92.31;0.0;0.62;18.05;0.34;154.43;1.34
2026-03-12 04:30:00Z;4.2;16.78;3.01;1.25;92.54;0.0;0.62;17.99;0.34;161.45;1.34
2026-03-12 04:35:00Z;4.2;16.7;3.01;1.25;92.43;0.0;0.62;17.92;0.34;157.24;1.67
2026-03-12 04:40:00Z;4.2;16.48;3.01;1.25;92.39;0.0;0.62;17.71;0.34;161.45;1.67
2026-03-12 04:45:00Z;4.2;16.38;3.34;1.25;92.32;0.0;0.62;17.62;0.34;155.84;1.67
2026-03-12 04:50:00Z;4.2;16.29;4.01;1.25;92.14;0.0;0.62;17.56;0.34;160.05;1.67
2026-03-12 07:05:00Z;4.19;16.86;4.34;1.25;90.53;0.0;0.62;18.42;0.34;153.03;2.67
2026-03-12 07:10:00Z;4.2;16.86;4.01;1.25;90.56;0.0;0.62;18.42;0.34;160.05;2.0
2026-03-12 07:15:00Z;4.2;16.86;3.34;1.25;90.66;0.0;0.62;18.39;0.34;155.84;2.0
2026-03-12 07:20:00Z;4.2;16.9;3.67;1.25;90.74;0.0;0.62;18.42;0.34;157.24;1.67
2026-03-12 07:25:00Z;4.19;16.87;4.68;1.25;90.73;0.0;0.62;18.39;0.34;150.22;2.0
2026-03-12 07:30:00Z;4.19;16.91;4.01;1.25;90.72;0.0;0.62;18.44;0.34;154.43;2.34
2026-03-12 07:35:00Z;4.19;16.92;4.01;1.25;90.63;0.0;0.62;18.46;0.34;154.43;2.0
2026-03-12 07:40:00Z;4.19;16.9;3.01;1.25;90.61;0.0;0.62;18.44;0.34;155.84;1.67
2026-03-12 07:45:00Z;4.19;16.94;3.67;1.25;90.62;0.0;0.62;18.48;0.34;157.24;2.0
2026-03-12 07:50:00Z;4.19;16.9;3.01;1.25;90.66;0.0;0.62;18.44;0.34;155.84;1.67
2026-03-12 09:15:00Z;4.2;17.0;4.34;1.25;90.22;0.0;0.62;18.61;0.34;161.45;2.0
2026-03-12 09:20:00Z;4.2;16.99;4.68;1.25;90.19;0.0;0.62;18.61;0.34;161.45;2.0
2026-03-12 09:25:00Z;4.19;16.99;3.34;1.25;90.28;0.0;0.62;18.59;0.34;160.05;1.67
2026-03-12 09:30:00Z;4.19;16.94;3.34;1.25;90.36;0.0;0.62;18.52;0.34;162.85;1.67
2026-03-12 09:35:00Z;4.19;16.94;3.01;1.25;90.5;0.0;0.62;18.5;0.34;162.85;1.67
2026-03-12 09:40:00Z;4.2;16.88;3.01;3.75;90.67;0.0;0.62;18.42;0.34;169.87;2.0
2026-03-12 09:45:00Z;4.19;16.87;4.34;8.75;90.94;0.0;3.12;18.35;0.34;168.47;2.34
2026-03-12 09:50:00Z;4.19;16.91;2.67;11.25;91.07;0.0;4.38;18.37;0.34;164.26;1.67
2026-03-12 10:55:00Z;4.22;17.23;3.34;463.75;90.68;0.0;266.88;18.76;0.34;150.22;2.34
2026-03-12 11:00:00Z;4.21;17.29;3.01;188.75;89.73;0.0;90.62;19.0;0.34;148.82;2.0
2026-03-12 11:05:00Z;4.21;17.34;4.34;273.75;89.38;0.0;133.12;19.1;0.34;151.62;2.0
2026-03-12 11:10:00Z;4.21;17.38;4.34;211.25;89.25;0.0;98.12;19.17;0.34;153.03;2.34
2026-03-12 11:15:00Z;4.21;17.45;4.68;281.25;89.07;0.0;138.12;19.27;0.34;144.6;2.67
2026-03-12 11:20:00Z;4.21;17.66;4.34;273.75;88.68;0.0;134.38;19.55;0.34;144.6;2.34
2026-03-12 11:25:00Z;4.21;17.86;4.68;813.75;88.06;0.0;450.62;19.87;0.34;144.6;2.34
2026-03-12 11:30:00Z;4.21;18.02;4.01;666.25;84.69;0.0;351.88;20.67;0.34;147.41;2.67
2026-03-12 11:35:00Z;4.21;18.26;6.35;828.75;83.71;0.0;454.38;21.1;0.34;143.2;3.34
2026-03-12 11:40:00Z;4.21;17.84;4.68;323.75;82.51;0.0;154.38;20.9;0.34;143.2;3.01
2026-03-12 11:45:00Z;4.21;18.22;5.01;993.75;82.67;0.0;531.88;21.27;0.34;134.78;3.01
2026-03-12 11:50:00Z;4.2;18.26;6.01;763.75;80.69;0.0;399.38;21.7;0.34;144.6;2.67
2026-03-12 13:40:00Z;4.2;18.1;6.01;678.75;71.9;0.0;340.62;23.43;0.34;109.51;3.67
2026-03-12 13:45:00Z;4.2;18.23;5.68;1588.75;71.12;0.0;814.38;23.76;0.34;116.53;3.67
2026-03-12 13:50:00Z;4.2;18.24;6.35;563.75;69.8;0.0;276.88;24.08;0.34;117.93;3.34
2026-03-12 13:55:00Z;4.2;18.1;6.68;503.75;71.09;0.0;251.88;23.63;0.34;126.35;3.34
2026-03-12 14:00:00Z;4.2;18.1;5.01;583.75;72.36;0.0;294.38;23.33;0.34;123.55;3.34
2026-03-12 14:05:00Z;4.2;17.99;4.68;1971.25;72.06;0.0;1029.38;23.28;0.34;131.97;3.34
2026-03-12 14:10:00Z;4.2;18.93;6.35;1841.25;67.99;0.0;946.88;25.24;0.34;122.14;3.34
2026-03-12 14:15:00Z;4.2;18.03;7.01;1838.75;64.59;0.0;939.38;25.15;0.34;120.74;4.34
2026-03-12 14:20:00Z;4.2;18.22;7.35;1796.25;65.81;0.0;915.62;25.04;0.34;99.68;4.68
2026-03-12 17:00:00Z;4.2;17.3;5.68;2091.25;51.44;0.0;1076.88;28.24;0.33;122.14;3.67
2026-03-12 17:05:00Z;4.2;17.69;7.01;2191.25;52.68;0.0;1131.88;28.26;0.33;136.18;3.34
2026-03-12 17:10:00Z;4.2;17.22;6.68;976.25;52.83;0.0;485.62;27.7;0.33;106.7;4.34
2026-03-12 17:15:00Z;4.2;17.69;7.01;1938.75;53.75;0.0;990.62;27.92;0.33;108.1;4.34
2026-03-12 17:20:00Z;4.2;16.83;6.35;1891.25;50.69;0.0;964.38;27.98;0.33;112.31;3.67
2026-03-12 17:25:00Z;4.2;18.5;5.01;2116.25;54.52;0.0;1093.12;28.54;0.33;112.31;3.01
2026-03-12 17:30:00Z;4.2;16.73;5.68;946.25;51.19;0.0;455.62;27.7;0.33;115.12;3.34
2026-03-12 17:35:00Z;4.2;16.69;7.01;1793.75;49.93;0.0;899.38;28.09;0.33;127.76;3.01
2026-03-12 17:40:00Z;4.2;17.18;5.68;1786.25;51.64;0.0;908.12;28.05;0.33;115.12;3.34
2026-03-12 17:45:00Z;4.2;17.95;5.34;1918.75;53.86;0.0;980.62;28.15;0.33;109.51;3.34
2026-03-12 17:50:00Z;4.2;17.18;5.68;816.25;50.75;0.0;419.38;28.35;0.33;122.14;3.67
2026-03-12 19:00:00Z;4.2;17.3;5.01;1558.75;49.74;0.0;820.62;28.82;0.33;140.39;3.01
2026-03-12 19:05:00Z;4.2;17.22;5.68;456.25;50.75;0.0;246.88;28.39;0.33;130.56;3.67
2026-03-12 19:10:00Z;4.2;16.75;5.68;333.75;54.93;0.0;174.38;26.52;0.33;115.12;3.67
2026-03-12 19:15:00Z;4.2;16.2;5.34;356.25;53.72;0.0;180.62;26.31;0.33;115.12;3.01
2026-03-12 19:20:00Z;4.2;16.4;5.01;451.25;54.41;0.0;223.12;26.31;0.33;119.33;3.01
2026-03-12 19:25:00Z;4.2;17.22;4.01;1271.25;53.62;0.0;655.62;27.45;0.33;113.72;2.0
2026-03-12 19:30:00Z;4.2;16.24;4.68;728.75;50.14;0.0;351.88;27.53;0.33;108.1;3.01
2026-03-12 19:35:00Z;4.2;16.82;4.68;1183.75;52.49;0.0;604.38;27.38;0.33;143.2;3.01
2026-03-12 19:40:00Z;4.2;15.75;4.68;853.75;46.79;0.0;424.38;28.17;0.33;126.35;2.34
2026-03-12 19:45:00Z;4.2;15.93;6.35;678.75;50.01;0.0;329.38;27.23;0.33;144.6;3.01
2026-03-12 19:50:00Z;4.2;16.14;5.01;386.25;51.65;0.0;171.88;26.91;0.33;136.18;3.34
2026-03-12 20:50:00Z;4.2;16.14;5.01;566.25;48.64;0.0;325.62;27.94;0.33;120.74;2.67
2026-03-12 20:55:00Z;4.2;16.83;5.68;271.25;51.08;0.0;169.38;27.85;0.33;129.16;3.01
2026-03-12 21:00:00Z;4.2;16.39;5.01;86.25;53.16;0.0;58.12;26.69;0.33;136.18;3.01
2026-03-12 21:05:00Z;4.2;15.79;4.68;78.75;52.35;0.0;46.88;26.31;0.33;134.78;3.01
2026-03-12 21:10:00Z;4.2;16.18;4.01;83.75;54.21;0.0;45.62;26.14;0.33;126.35;2.34
2026-03-12 21:15:00Z;4.2;16.3;2.67;91.25;55.59;0.0;46.88;25.84;0.33;116.53;1.34
2026-03-12 21:20:00Z;4.2;16.25;4.01;86.25;55.64;0.0;43.12;25.77;0.33;127.76;2.34
2026-03-12 22:00:00Z;4.2;15.54;2.34;23.75;57.38;0.0;9.38;24.49;0.33;134.78;1.67
2026-03-12 22:05:00Z;4.2;15.53;2.67;13.75;58.25;0.0;5.62;24.23;0.33;133.37;1.34
2026-03-12 22:10:00Z;4.2;15.64;2.0;8.75;59.64;0.0;3.12;23.95;0.33;136.18;1.0
2026-03-12 22:15:00Z;4.2;15.7;3.01;3.75;60.56;0.0;0.62;23.76;0.33;136.18;1.34
2026-03-12 22:20:00Z;4.2;15.81;3.01;1.25;61.58;0.0;0.62;23.61;0.33;130.56;1.34
2026-03-12 22:25:00Z;4.2;15.89;2.67;1.25;62.22;0.0;0.62;23.52;0.33;134.78;1.67
2026-03-12 22:30:00Z;4.2;16.03;2.34;1.25;63.1;0.0;0.62;23.43;0.33;141.8;1.34
2026-03-12 22:35:00Z;4.2;16.1;1.67;1.25;64.36;0.0;0.62;23.18;0.33;141.8;1.0
2026-03-12 22:40:00Z;4.2;16.17;2.0;1.25;65.24;0.0;0.62;23.03;0.33;144.6;1.0
2026-03-12 22:45:00Z;4.2;16.25;2.34;1.25;65.38;0.0;0.62;23.07;0.33;140.39;1.0
2026-03-12 22:50:00Z;4.2;16.3;1.34;1.25;66.38;0.0;0.62;22.88;0.33;137.58;1.0
2026-03-12 23:00:00Z;4.2;16.31;2.0;1.25;68.1;0.0;0.62;22.47;0.33;129.16;1.0
2026-03-12 23:05:00Z;4.2;16.39;2.67;1.25;68.69;0.0;0.62;22.41;0.33;138.99;1.34
2026-03-12 23:10:00Z;4.2;16.37;3.01;1.25;69.25;0.0;0.62;22.26;0.33;138.99;1.34
2026-03-12 23:15:00Z;4.2;16.4;1.67;1.25;70.18;0.0;0.62;22.06;0.33;131.97;1.0
2026-03-12 23:20:00Z;4.2;16.39;2.0;1.25;71.26;0.0;0.62;21.8;0.33;124.95;1.0
2026-03-12 23:25:00Z;4.2;16.36;1.34;1.25;71.78;0.0;0.62;21.65;0.33;120.74;0.67
2026-03-12 23:30:00Z;4.2;16.35;1.34;1.25;72.56;0.0;0.62;21.46;0.33;124.95;0.67
2026-03-12 23:35:00Z;4.2;16.34;2.34;1.25;72.91;0.0;0.62;21.38;0.33;137.58;1.0
2026-03-12 23:40:00Z;4.2;16.29;2.0;1.25;73.34;0.0;0.62;21.23;0.33;136.18;1.0
2026-03-12 23:45:00Z;4.2;16.26;1.67;1.25;73.62;0.0;0.62;21.14;0.33;138.99;1.0
2026-03-12 23:50:00Z;4.2;16.22;2.34;1.25;73.21;0.0;0.62;21.18;0.33;141.8;1.0
2026-03-13 04:10:00Z;4.19;15.03;0.0;1.25;93.28;0.0;0.62;16.1;0.33;105.29;0.0
2026-03-13 04:15:00Z;4.19;15.05;0.0;1.25;93.28;0.0;0.62;16.12;0.33;105.29;0.0
2026-03-13 04:20:00Z;4.19;15.13;0.0;1.25;93.47;0.0;0.62;16.16;0.33;103.89;0.0
2026-03-13 04:25:00Z;4.19;15.26;0.0;1.25;93.98;0.0;0.62;16.21;0.33;99.68;0.0
2026-03-13 04:30:00Z;4.19;15.5;0.0;1.25;94.04;0.0;0.62;16.44;0.33;99.68;0.0
2026-03-13 04:35:00Z;4.19;15.63;1.0;1.25;94.02;0.0;0.62;16.57;0.33;130.56;0.33
2026-03-13 04:40:00Z;4.19;15.58;1.34;1.25;93.91;0.0;0.62;16.55;0.33;123.55;0.67
2026-03-13 04:45:00Z;4.19;15.59;1.0;1.25;94.04;0.0;0.62;16.53;0.33;133.37;0.33
2026-03-13 04:50:00Z;4.19;15.5;1.0;1.25;94.04;0.0;0.62;16.44;0.33;112.31;0.33
2026-03-13 07:05:00Z;4.19;14.58;0.67;1.25;96.4;0.0;0.62;15.13;0.33;116.53;0.33
2026-03-13 07:10:00Z;4.19;14.51;0.67;1.25;96.48;0.0;0.62;15.05;0.33;116.53;0.33
2026-03-13 07:15:00Z;4.19;14.46;0.0;1.25;96.44;0.0;0.62;15.01;0.33;116.53;0.0
2026-03-13 07:20:00Z;4.19;14.31;0.0;1.25;96.53;0.0;0.62;14.83;0.33;116.53;0.0
2026-03-13 07:25:00Z;4.19;14.38;0.0;1.25;96.84;0.0;0.62;14.86;0.33;116.53;0.0
2026-03-13 07:30:00Z;4.19;14.42;0.0;1.25;96.72;0.0;0.62;14.92;0.33;116.53;0.0
2026-03-13 07:35:00Z;4.19;14.37;0.0;1.25;96.81;0.0;0.62;14.86;0.33;116.53;0.0
2026-03-13 07:40:00Z;4.19;14.36;0.0;1.25;96.88;0.0;0.62;14.83;0.33;116.53;0.0
2026-03-13 07:45:00Z;4.19;14.44;0.0;1.25;97.09;0.0;0.62;14.88;0.33;116.53;0.0
2026-03-13 07:50:00Z;4.19;14.17;0.0;1.25;96.87;0.0;0.62;14.64;0.33;116.53;0.0
2026-03-13 10:05:00Z;4.2;14.29;0.67;58.75;98.17;0.0;28.12;14.56;0.33;127.76;0.33
2026-03-13 10:10:00Z;4.2;14.39;0.33;78.75;98.25;0.0;41.88;14.64;0.33;127.76;0.0
2026-03-13 10:15:00Z;4.21;14.5;0.33;121.25;98.27;0.0;76.88;14.75;0.33;127.76;0.0
2026-03-13 10:20:00Z;4.21;14.76;0.67;158.75;98.29;0.0;101.88;15.01;0.33;127.76;0.33
2026-03-13 10:25:00Z;4.2;15.05;0.67;211.25;98.27;0.0;131.88;15.31;0.33;120.74;0.33
2026-03-13 10:30:00Z;4.21;15.19;0.67;243.75;98.02;0.0;146.88;15.48;0.33;96.87;0.33
2026-03-13 10:35:00Z;4.22;15.61;0.67;283.75;98.37;0.0;168.12;15.84;0.33;92.66;0.33
2026-03-13 10:40:00Z;4.22;16.33;0.33;333.75;98.6;0.0;195.62;16.53;0.33;92.66;0.0
2026-03-13 10:45:00Z;4.22;16.4;0.67;368.75;98.14;0.0;213.12;16.68;0.33;117.93;0.33
2026-03-13 10:50:00Z;4.23;16.52;1.0;401.25;98.18;0.0;228.12;16.79;0.33;144.6;0.67
2026-03-13 13:35:00Z;4.2;17.16;5.01;1708.75;67.67;0.0;913.12;23.46;0.33;74.41;2.34
2026-03-13 13:40:00Z;4.2;17.03;3.67;1601.25;65.94;0.0;841.88;23.76;0.33;92.66;2.0
2026-03-13 13:45:00Z;4.2;17.2;3.67;1698.75;64.19;0.0;885.62;24.38;0.33;144.6;1.67
2026-03-13 13:50:00Z;4.2;17.32;3.01;1661.25;64.04;0.0;861.88;24.55;0.33;153.03;1.67
2026-03-13 13:55:00Z;4.2;16.56;3.34;751.25;61.88;0.0;356.88;24.31;0.33;136.18;1.67
2026-03-13 14:00:00Z;4.2;17.12;3.67;1891.25;65.35;0.0;988.12;23.99;0.33;94.06;2.0
2026-03-13 14:05:00Z;4.2;17.02;2.67;916.25;63.62;0.0;449.38;24.34;0.33;127.76;1.34
2026-03-13 14:10:00Z;4.2;16.63;3.01;826.25;63.53;0.0;408.12;23.95;0.33;102.49;1.67
2026-03-13 14:15:00Z;4.2;16.83;2.34;2096.25;65.7;0.0;1094.38;23.61;0.33;85.64;1.67
2026-03-13 14:20:00Z;4.2;17.18;2.67;1491.25;62.27;0.0;770.62;24.87;0.33;82.83;1.0
2026-03-13 16:10:00Z;4.21;16.17;3.67;1828.75;52.55;0.0;938.12;26.65;0.33;126.35;2.0
2026-03-13 16:15:00Z;4.21;16.56;6.01;1878.75;53.79;0.0;964.38;26.67;0.33;155.84;2.0
2026-03-13 16:20:00Z;4.21;16.62;4.34;1863.75;53.0;0.0;960.62;27.0;0.33;186.72;2.0
2026-03-13 16:25:00Z;4.2;16.79;3.67;1868.75;53.44;0.0;966.88;27.04;0.33;165.66;1.67
2026-03-13 16:30:00Z;4.21;16.45;4.01;398.75;52.75;0.0;178.12;26.89;0.33;165.66;2.0
2026-03-13 16:35:00Z;4.2;16.49;5.01;1973.75;52.9;0.0;1021.88;26.89;0.33;148.82;2.34
2026-03-13 16:40:00Z;4.21;16.84;3.34;1858.75;53.14;0.0;960.62;27.19;0.33;185.32;1.67
2026-03-13 16:45:00Z;4.2;16.16;4.68;1553.75;51.6;0.0;789.38;26.95;0.33;165.66;2.34
2026-03-13 16:50:00Z;4.21;16.33;2.34;1901.25;50.22;0.0;983.12;27.6;0.33;190.93;1.34
2026-03-13 18:50:00Z;4.2;15.68;3.34;951.25;47.18;0.0;475.62;27.96;0.32;164.26;1.67
2026-03-13 18:55:00Z;4.2;15.82;3.34;1318.75;45.85;0.0;674.38;28.6;0.32;176.89;1.67
2026-03-13 19:00:00Z;4.2;15.32;3.34;1133.75;45.09;0.0;575.62;28.35;0.32;192.34;1.67
2026-03-13 19:05:00Z;4.2;15.31;5.01;1166.25;45.16;0.0;596.88;28.3;0.32;164.26;1.34
2026-03-13 19:10:00Z;4.2;15.05;3.67;1008.75;44.19;0.0;508.12;28.39;0.32;185.32;2.0
2026-03-13 19:15:00Z;4.2;15.6;3.34;351.25;47.51;0.0;164.38;27.75;0.32;158.64;1.67
2026-03-13 19:20:00Z;4.2;14.94;3.67;346.25;44.87;0.0;159.38;28.0;0.32;157.24;2.0
2026-03-13 20:50:00Z;4.2;14.58;4.68;431.25;45.08;0.0;220.62;27.53;0.32;165.66;2.34
2026-03-13 20:55:00Z;4.2;14.69;4.01;396.25;45.63;0.0;203.12;27.45;0.32;178.3;2.34
2026-03-13 21:00:00Z;4.2;14.92;4.01;361.25;46.48;0.0;185.62;27.38;0.32;181.11;2.0
2026-03-13 21:05:00Z;4.2;14.83;3.01;328.75;45.97;0.0;169.38;27.47;0.32;155.84;1.67
2026-03-13 21:10:00Z;4.2;14.43;3.34;293.75;45.38;0.0;154.38;27.25;0.32;160.05;2.0
2026-03-13 21:15:00Z;4.2;14.11;2.67;261.25;44.61;0.0;138.12;27.19;0.32;155.84;1.67
2026-03-13 21:20:00Z;4.2;14.39;2.34;81.25;46.47;0.0;24.38;26.8;0.32;165.66;1.67
2026-03-13 22:00:00Z;4.2;14.28;1.34;21.25;51.86;0.0;6.88;24.83;0.32;181.11;0.67
2026-03-13 22:05:00Z;4.2;14.58;1.0;13.75;53.89;0.0;4.38;24.51;0.32;186.72;0.67
2026-03-13 22:10:00Z;4.2;14.64;1.0;6.25;55.51;0.0;1.88;24.08;0.32;195.15;0.67
2026-03-13 22:15:00Z;4.2;14.62;1.34;3.75;55.43;0.0;0.62;24.08;0.32;200.76;0.67
2026-03-13 22:20:00Z;4.2;14.88;0.67;1.25;57.98;0.0;0.62;23.61;0.32;179.7;0.33
2026-03-13 22:25:00Z;4.2;14.93;1.34;1.25;58.72;0.0;0.62;23.46;0.32;181.11;0.67
2026-03-13 22:30:00Z;4.2;14.92;0.67;1.25;59.91;0.0;0.62;23.11;0.32;178.3;0.33
2026-03-13 22:35:00Z;4.2;14.77;1.34;1.25;58.88;0.0;0.62;23.24;0.32;192.34;0.67
2026-03-13 22:40:00Z;4.2;15.1;1.0;1.25;60.29;0.0;0.62;23.2;0.32;190.93;0.33
2026-03-13 22:45:00Z;4.2;14.91;1.0;1.25;61.58;0.0;0.62;22.64;0.32;185.32;0.33
2026-03-13 22:50:00Z;4.2;14.79;0.33;1.25;62.51;0.0;0.62;22.28;0.32;183.91;0.0
2026-03-13 23:00:00Z;4.2;14.88;0.67;1.25;63.85;0.0;0.62;22.02;0.32;223.22;0.0
2026-03-13 23:05:00Z;4.2;15.05;0.33;1.25;66.6;0.0;0.62;21.5;0.32;223.22;0.0
2026-03-13 23:10:00Z;4.2;15.0;0.33;1.25;67.12;0.0;0.62;21.33;0.32;223.22;0.0
2026-03-13 23:15:00Z;4.2;14.95;0.33;1.25;67.52;0.0;0.62;21.18;0.32;223.22;0.0
2026-03-13 23:20:00Z;4.2;14.93;0.33;1.25;67.86;0.0;0.62;21.08;0.32;223.22;0.0
2026-03-13 23:25:00Z;4.2;15.04;0.67;1.25;67.37;0.0;0.62;21.31;0.32;213.4;0.33
2026-03-13 23:30:00Z;4.2;15.09;1.0;1.25;65.65;0.0;0.62;21.78;0.32;183.91;0.33
2026-03-13 23:35:00Z;4.2;15.05;1.0;1.25;66.6;0.0;0.62;21.5;0.32;204.97;0.33
2026-03-13 23:40:00Z;4.2;15.08;0.67;1.25;68.34;0.0;0.62;21.12;0.32;199.36;0.0
2026-03-13 23:45:00Z;4.2;14.89;1.0;1.25;70.15;0.0;0.62;20.5;0.32;200.76;0.0
2026-03-13 23:50:00Z;4.2;15.29;2.34;1.25;69.01;0.0;0.62;21.18;0.32;207.78;1.0
2026-03-14 04:05:00Z;4.19;15.27;0.0;1.25;91.16;0.0;0.62;16.7;0.32;138.99;0.0
2026-03-14 04:10:00Z;4.19;15.28;0.0;1.25;91.23;0.0;0.62;16.7;0.32;138.99;0.0
2026-03-14 04:15:00Z;4.19;15.44;0.0;1.25;91.64;0.0;0.62;16.79;0.32;138.99;0.0
2026-03-14 04:20:00Z;4.19;15.48;0.0;1.25;91.38;0.0;0.62;16.87;0.32;136.18;0.0
2026-03-14 04:25:00Z;4.19;15.62;0.0;1.25;91.19;0.0;0.62;17.04;0.32;98.27;0.0
2026-03-14 04:30:00Z;4.19;15.4;0.0;1.25;90.81;0.0;0.62;16.89;0.32;102.49;0.0
2026-03-14 04:35:00Z;4.19;15.01;0.0;1.25;90.77;0.0;0.62;16.51;0.32;102.49;0.0
2026-03-14 04:40:00Z;4.19;14.81;0.0;1.25;91.08;0.0;0.62;16.25;0.32;102.49;0.0
2026-03-14 04:45:00Z;4.19;14.79;0.0;1.25;91.82;0.0;0.62;16.1;0.32;102.49;0.0
2026-03-14 04:50:00Z;4.19;14.65;0.0;1.25;92.24;0.0;0.62;15.89;0.32;102.49;0.0
2026-03-14 06:55:00Z;4.19;14.63;0.0;1.25;95.52;0.0;0.62;15.33;0.32;102.49;0.0
2026-03-14 07:00:00Z;4.19;14.7;0.0;1.25;95.77;0.0;0.62;15.35;0.32;102.49;0.0
2026-03-14 07:05:00Z;4.19;14.62;0.0;1.25;95.81;0.0;0.62;15.26;0.32;102.49;0.0
2026-03-14 07:10:00Z;4.19;14.74;0.0;1.25;96.02;0.0;0.62;15.35;0.32;102.49;0.0
2026-03-14 07:15:00Z;4.19;14.84;0.0;1.25;96.02;0.0;0.62;15.46;0.32;102.49;0.0
2026-03-14 07:20:00Z;4.19;14.97;0.0;1.25;96.17;0.0;0.62;15.56;0.32;102.49;0.0
2026-03-14 07:25:00Z;4.19;14.94;0.0;1.25;95.99;0.0;0.62;15.56;0.32;102.49;0.0
2026-03-14 07:30:00Z;4.19;14.8;0.0;1.25;95.99;0.0;0.62;15.41;0.32;102.49;0.0
2026-03-14 07:35:00Z;4.19;14.98;0.0;1.25;96.5;0.0;0.62;15.52;0.32;102.49;0.0
2026-03-14 07:40:00Z;4.19;14.88;0.0;1.25;96.24;0.0;0.62;15.46;0.32;102.49;0.0
2026-03-14 07:45:00Z;4.19;14.84;0.0;1.25;96.13;0.0;0.62;15.43;0.32;102.49;0.0
2026-03-14 07:50:00Z;4.19;15.05;0.0;1.25;96.63;0.0;0.62;15.56;0.32;102.49;0.0
2026-03-14 08:10:00Z;4.19;14.61;0.0;1.25;96.71;0.0;0.62;15.11;0.32;102.49;0.0
2026-03-14 08:15:00Z;4.19;14.64;0.0;1.25;96.78;0.0;0.62;15.13;0.32;102.49;0.0
2026-03-14 08:20:00Z;4.19;14.54;0.0;1.25;96.55;0.0;0.62;15.07;0.32;102.49;0.0
2026-03-14 08:25:00Z;4.19;14.6;0.0;1.25;96.74;0.0;0.62;15.09;0.32;102.49;0.0
2026-03-14 08:30:00Z;4.19;14.5;0.0;1.25;96.82;0.0;0.62;14.98;0.32;102.49;0.0
2026-03-14 08:35:00Z;4.19;14.38;0.0;1.25;96.89;0.0;0.62;14.86;0.32;102.49;0.0
2026-03-14 08:40:00Z;4.19;14.26;0.0;1.25;96.65;0.0;0.62;14.77;0.32;102.49;0.0
2026-03-14 08:45:00Z;4.19;14.4;0.0;1.25;97.27;0.0;0.62;14.81;0.32;102.49;0.0
2026-03-14 08:50:00Z;4.19;14.24;0.0;1.25;96.95;0.0;0.62;14.71;0.32;102.49;0.0
2026-03-14 10:00:00Z;4.19;13.61;0.0;36.25;97.39;0.0;15.62;14.0;0.32;102.49;0.0
2026-03-14 10:05:00Z;4.2;13.66;0.0;51.25;97.6;0.0;24.38;14.02;0.32;102.49;0.0
2026-03-14 10:10:00Z;4.2;13.9;0.0;68.75;97.74;0.0;34.38;14.23;0.32;102.49;0.0
2026-03-14 10:15:00Z;4.21;14.01;0.0;106.25;97.8;0.0;58.12;14.34;0.32;102.49;0.0
2026-03-14 10:20:00Z;4.21;14.36;0.0;153.75;97.84;0.0;91.88;14.68;0.32;102.49;0.0
2026-03-14 10:25:00Z;4.2;14.77;0.0;193.75;97.94;0.0;111.88;15.07;0.32;102.49;0.0
2026-03-14 10:30:00Z;4.2;15.0;0.0;206.25;97.81;0.0;110.62;15.33;0.32;102.49;0.0
2026-03-14 10:35:00Z;4.2;15.03;0.0;231.25;97.59;0.0;125.62;15.39;0.32;102.49;0.0
2026-03-14 10:40:00Z;4.22;15.18;0.0;278.75;97.71;0.0;150.62;15.52;0.32;109.51;0.0
2026-03-14 10:45:00Z;4.24;15.48;1.34;341.25;97.85;0.0;185.62;15.8;0.32;141.8;0.67
2026-03-14 10:50:00Z;4.22;15.69;1.34;371.25;97.83;0.0;199.38;16.01;0.32;130.56;1.0
2026-03-14 10:55:00Z;4.21;15.78;1.34;353.75;97.6;0.0;186.88;16.14;0.32;144.6;1.0
2026-03-14 11:00:00Z;4.21;16.03;1.34;338.75;97.81;0.0;176.88;16.36;0.32;130.56;1.0
2026-03-14 11:05:00Z;4.21;16.2;1.67;306.25;97.51;0.0;156.88;16.57;0.32;108.1;1.34
2026-03-14 11:10:00Z;4.21;16.38;1.67;263.75;97.59;0.0;131.88;16.74;0.32;101.08;1.0
2026-03-14 11:15:00Z;4.2;16.67;2.0;258.75;98.21;0.0;130.62;16.94;0.32;89.85;1.34
2026-03-14 11:20:00Z;4.2;16.59;1.67;333.75;97.55;0.0;171.88;16.96;0.32;103.89;1.0
2026-03-14 13:00:00Z;4.22;17.89;2.34;1276.25;78.85;0.0;660.62;21.7;0.32;116.53;1.0
2026-03-14 13:05:00Z;4.21;17.78;2.34;801.25;77.7;0.0;395.62;21.83;0.32;71.6;1.34
2026-03-14 13:10:00Z;4.21;18.01;2.34;963.75;79.03;0.0;485.62;21.78;0.32;51.95;1.0
2026-03-14 13:15:00Z;4.21;18.12;2.0;701.25;78.73;0.0;356.88;21.95;0.32;113.72;1.0
2026-03-14 13:20:00Z;4.21;18.09;1.67;708.75;78.19;0.0;363.12;22.04;0.32;123.55;1.0
2026-03-14 13:25:00Z;4.21;17.65;2.34;666.25;76.17;0.0;349.38;22.02;0.32;40.71;1.0
2026-03-14 13:30:00Z;4.21;18.26;1.34;686.25;76.92;0.0;355.62;22.49;0.32;98.27;0.67
2026-03-14 13:35:00Z;4.21;18.11;2.34;713.75;75.87;0.0;368.12;22.56;0.32;153.03;1.0
2026-03-14 13:40:00Z;4.21;18.18;2.0;1746.25;75.01;0.0;914.38;22.81;0.32;144.6;1.0
2026-03-14 13:45:00Z;4.21;18.23;2.34;1783.75;74.5;0.0;923.12;22.98;0.32;131.97;1.34
2026-03-14 13:50:00Z;4.2;18.56;3.34;886.25;73.99;0.0;453.12;23.43;0.32;148.82;1.67
2026-03-14 14:05:00Z;4.2;18.35;2.67;896.25;73.79;0.0;463.12;23.26;0.32;110.91;1.34
2026-03-14 14:10:00Z;4.2;18.31;3.01;878.75;72.88;0.0;454.38;23.43;0.32;105.29;1.34
2026-03-14 14:15:00Z;4.2;18.18;2.67;881.25;72.19;0.0;454.38;23.46;0.32;81.43;1.34
2026-03-14 14:20:00Z;4.2;18.25;2.0;878.75;71.29;0.0;454.38;23.74;0.32;113.72;1.34
2026-03-14 14:25:00Z;4.2;18.5;2.0;2136.25;68.7;0.0;1118.12;24.61;0.32;167.07;1.0
2026-03-14 14:30:00Z;4.2;18.3;3.34;1173.75;67.22;0.0;606.88;24.76;0.32;115.12;1.34
2026-03-14 14:35:00Z;4.2;18.48;2.34;996.25;67.65;0.0;511.88;24.85;0.32;124.95;1.34
2026-03-14 14:40:00Z;4.2;17.4;2.67;956.25;64.26;0.0;495.62;24.57;0.32;131.97;1.34
2026-03-14 14:45:00Z;4.2;17.74;3.01;811.25;64.57;0.0;421.88;24.85;0.32;137.58;1.34
2026-03-14 14:50:00Z;4.2;17.5;2.67;786.25;64.17;0.0;410.62;24.7;0.32;153.03;1.67
2026-03-14 16:05:00Z;4.2;17.28;1.67;1876.25;54.22;0.0;965.62;27.32;0.32;119.33;0.67
2026-03-14 16:10:00Z;4.2;16.64;3.01;2163.75;52.46;0.0;1120.62;27.19;0.32;87.04;1.67
2026-03-14 16:15:00Z;4.2;17.23;3.01;1963.75;54.52;0.0;1013.12;27.17;0.32;110.91;1.0
2026-03-14 16:20:00Z;4.2;17.12;3.34;1281.25;53.74;0.0;650.62;27.3;0.32;141.8;1.67
2026-03-14 16:25:00Z;4.2;16.81;3.34;1846.25;53.3;0.0;946.88;27.1;0.32;140.39;2.0
2026-03-14 16:30:00Z;4.2;17.31;3.67;1936.25;55.59;0.0;993.12;26.93;0.32;137.58;2.0
2026-03-14 16:35:00Z;4.2;16.54;3.01;1853.75;53.65;0.0;955.62;26.69;0.32;101.08;1.34
2026-03-14 16:40:00Z;4.2;17.09;1.0;1096.25;53.9;0.0;536.88;27.21;0.32;234.45;0.33
2026-03-14 16:45:00Z;4.2;16.76;3.34;2303.75;52.01;0.0;1194.38;27.47;0.32;102.49;1.34
2026-03-14 16:50:00Z;4.2;16.46;3.34;901.25;52.54;0.0;459.38;26.97;0.32;84.24;1.34
2026-03-14 18:20:00Z;4.2;16.95;2.67;1613.75;49.34;0.0;830.62;28.58;0.32;143.2;1.67
2026-03-14 18:25:00Z;4.2;16.6;3.34;1678.75;49.27;0.0;870.62;28.22;0.32;63.18;1.34
2026-03-14 18:30:00Z;4.2;16.09;3.34;313.75;48.9;0.0;153.12;27.79;0.32;65.98;1.67
2026-03-14 18:35:00Z;4.2;15.84;2.67;698.75;50.13;0.0;351.88;27.1;0.32;108.1;2.0
2026-03-14 18:40:00Z;4.2;16.79;1.67;751.25;51.21;0.0;383.12;27.77;0.32;98.27;1.0
2026-03-14 18:45:00Z;4.2;16.29;3.34;1781.25;50.43;0.0;928.12;27.49;0.32;119.33;2.0
2026-03-14 18:50:00Z;4.2;16.33;3.01;648.75;49.61;0.0;328.12;27.81;0.32;94.06;2.0
2026-03-14 20:00:00Z;4.2;16.35;3.34;321.25;51.0;0.0;155.62;27.36;0.32;186.72;1.34
2026-03-14 20:05:00Z;4.2;16.41;2.0;336.25;52.04;0.0;163.12;27.08;0.32;155.84;1.34
2026-03-14 20:10:00Z;4.2;16.1;2.0;413.75;51.46;0.0;200.62;26.93;0.32;216.2;1.34
2026-03-14 20:15:00Z;4.2;16.17;2.0;383.75;50.93;0.0;190.62;27.19;0.32;199.36;1.34
2026-03-14 20:20:00Z;4.2;16.27;2.0;313.75;51.45;0.0;155.62;27.12;0.32;164.26;1.0
2026-03-14 20:25:00Z;4.2;16.08;2.34;268.75;51.28;0.0;131.88;26.97;0.32;172.68;1.34
2026-03-14 20:30:00Z;4.2;16.22;1.34;233.75;51.81;0.0;115.62;26.95;0.32;164.26;1.0
2026-03-14 20:35:00Z;4.2;16.28;1.34;228.75;52.19;0.0;114.38;26.89;0.32;134.78;1.0
2026-03-14 20:40:00Z;4.2;16.56;1.67;203.75;53.41;0.0;103.12;26.8;0.32;141.8;1.0
2026-03-14 20:45:00Z;4.2;16.42;1.67;166.25;53.4;0.0;84.38;26.65;0.32;160.05;1.0
2026-03-14 20:50:00Z;4.2;16.12;1.34;163.75;52.52;0.0;83.12;26.61;0.32;157.24;0.67
2026-03-14 20:55:00Z;4.21;16.23;1.34;146.25;52.97;0.0;75.62;26.59;0.32;134.78;1.0
2026-03-14 21:00:00Z;4.21;16.18;2.0;126.25;52.91;0.0;65.62;26.54;0.32;147.41;0.67
2026-03-14 21:05:00Z;4.21;16.36;1.0;86.25;53.88;0.0;44.38;26.44;0.32;143.2;0.67
2026-03-14 21:10:00Z;4.21;17.0;1.34;68.75;56.76;0.0;36.88;26.24;0.32;137.58;0.67
2026-03-14 21:15:00Z;4.21;17.31;1.0;81.25;59.37;0.0;44.38;25.82;0.32;98.27;0.67
2026-03-14 21:20:00Z;4.22;16.99;1.0;78.75;59.22;0.0;43.12;25.52;0.32;92.66;0.67
2026-03-14 21:25:00Z;4.21;16.98;1.0;66.25;59.23;0.0;35.62;25.49;0.32;95.47;0.67
2026-03-14 21:30:00Z;4.21;17.02;1.34;56.25;59.87;0.0;29.38;25.37;0.32;94.06;0.67
2026-03-14 21:35:00Z;4.21;17.03;1.34;41.25;60.18;0.0;20.62;25.28;0.32;95.47;0.67
2026-03-14 21:40:00Z;4.21;17.22;0.67;36.25;61.47;0.0;19.38;25.13;0.32;91.25;0.33
2026-03-14 21:45:00Z;4.21;17.15;0.33;31.25;62.06;0.0;15.62;24.89;0.32;92.66;0.0
2026-03-14 21:50:00Z;4.2;17.02;0.0;21.25;62.28;0.0;9.38;24.7;0.32;92.66;0.0
2026-03-14 22:00:00Z;4.2;16.8;0.67;11.25;62.68;0.0;4.38;24.36;0.32;92.66;0.33
2026-03-14 22:05:00Z;4.2;16.86;0.67;11.25;63.8;0.0;9.38;24.12;0.32;92.66;0.0
2026-03-14 22:10:00Z;4.2;16.94;0.0;6.25;65.24;0.0;9.38;23.84;0.32;92.66;0.0
2026-03-14 22:15:00Z;4.2;17.02;0.33;1.25;66.66;0.0;4.38;23.56;0.32;92.66;0.33
2026-03-14 22:20:00Z;4.2;16.88;0.33;1.25;66.92;0.0;0.62;23.35;0.32;92.66;0.0
2026-03-14 22:25:00Z;4.2;16.58;0.67;1.25;66.28;0.0;0.62;23.2;0.32;92.66;0.33
2026-03-14 22:30:00Z;4.2;16.72;0.67;1.25;67.2;0.0;0.62;23.11;0.32;92.66;0.33
2026-03-14 22:35:00Z;4.2;16.53;0.67;1.25;67.03;0.0;0.62;22.96;0.32;92.66;0.33
2026-03-14 22:40:00Z;4.2;16.42;0.67;1.25;66.1;0.0;0.62;23.07;0.32;92.66;0.33
2026-03-14 22:45:00Z;4.2;16.32;0.67;1.25;66.31;0.0;0.62;22.92;0.32;92.66;0.33
2026-03-14 22:50:00Z;4.2;16.32;0.67;1.25;66.62;0.0;0.62;22.83;0.32;96.87;0.33
2026-03-14 23:00:00Z;4.2;16.48;0.67;1.25;67.58;0.0;0.62;22.77;0.32;85.64;0.33
2026-03-14 23:05:00Z;4.2;16.36;0.67;1.25;69.45;0.0;0.62;22.19;0.32;101.08;0.33
2026-03-14 23:10:00Z;4.2;16.42;0.67;1.25;69.56;0.0;0.62;22.23;0.32;101.08;0.33
2026-03-14 23:15:00Z;4.2;16.43;0.33;1.25;70.13;0.0;0.62;22.11;0.32;101.08;0.33
2026-03-14 23:20:00Z;4.2;16.31;0.67;1.25;70.72;0.0;0.62;21.85;0.32;101.08;0.33
2026-03-14 23:25:00Z;4.2;16.36;0.67;1.25;70.75;0.0;0.62;21.89;0.32;101.08;0.33
2026-03-14 23:30:00Z;4.2;16.34;0.0;1.25;71.29;0.0;0.62;21.74;0.32;101.08;0.0
2026-03-14 23:35:00Z;4.2;16.45;0.0;1.25;71.92;0.0;0.62;21.72;0.32;101.08;0.0
2026-03-14 23:40:00Z;4.2;16.58;0.0;1.25;72.4;0.0;0.62;21.74;0.32;101.08;0.0
2026-03-14 23:45:00Z;4.2;16.46;0.0;1.25;72.14;0.0;0.62;21.68;0.32;101.08;0.0
2026-03-14 23:50:00Z;4.2;16.53;0.0;1.25;72.08;0.0;0.62;21.76;0.32;98.27;0.0
2026-03-15 04:50:00Z;4.19;15.06;1.67;1.25;86.0;0.0;0.62;17.41;0.32;126.35;1.0
2026-03-15 04:55:00Z;4.19;15.04;1.34;1.25;86.94;0.0;0.62;17.21;0.32;117.93;1.0
2026-03-15 05:00:00Z;4.19;14.94;1.34;1.25;87.66;0.0;0.62;16.98;0.32;124.95;1.0
2026-03-15 05:05:00Z;4.19;15.02;1.67;1.25;88.47;0.0;0.62;16.91;0.32;133.37;1.0
2026-03-15 05:10:00Z;4.19;15.07;1.67;1.25;88.78;0.0;0.62;16.91;0.32;136.18;1.0
2026-03-15 05:15:00Z;4.19;15.02;1.34;1.25;89.1;0.0;0.62;16.81;0.32;124.95;1.0
2026-03-15 05:20:00Z;4.19;14.73;1.0;1.25;89.01;0.0;0.62;16.53;0.32;124.95;0.33
2026-03-15 07:00:00Z;4.19;14.8;0.67;1.25;92.91;0.0;0.62;15.93;0.32;92.66;0.0
2026-03-15 07:05:00Z;4.19;15.0;1.0;1.25;93.37;0.0;0.62;16.06;0.32;140.39;0.0
2026-03-15 07:10:00Z;4.19;15.07;0.0;1.25;93.4;0.0;0.62;16.12;0.32;130.56;0.0
2026-03-15 07:15:00Z;4.19;15.1;0.0;1.25;93.81;0.0;0.62;16.08;0.32;102.49;0.0
2026-03-15 07:20:00Z;4.19;15.21;0.0;1.25;93.85;0.0;0.62;16.19;0.32;102.49;0.0
2026-03-15 07:25:00Z;4.19;15.12;0.0;1.25;93.78;0.0;0.62;16.1;0.32;98.27;0.0
2026-03-15 07:30:00Z;4.19;15.22;0.0;1.25;94.77;0.0;0.62;16.04;0.32;99.68;0.0
2026-03-15 07:35:00Z;4.19;15.52;0.0;1.25;94.64;0.0;0.62;16.36;0.32;115.12;0.0
2026-03-15 07:40:00Z;4.19;15.53;0.0;1.25;94.46;0.0;0.62;16.4;0.32;109.51;0.0
2026-03-15 07:45:00Z;4.19;15.42;0.0;1.25;94.74;0.0;0.62;16.25;0.32;94.06;0.0
2026-03-15 07:50:00Z;4.19;15.53;1.0;1.25;94.88;0.0;0.62;16.34;0.32;92.66;0.33
2026-03-15 08:55:00Z;4.19;15.17;0.67;1.25;94.74;0.0;0.62;15.99;0.32;94.06;0.0
2026-03-15 09:00:00Z;4.19;14.97;0.67;1.25;94.69;0.0;0.62;15.8;0.32;95.47;0.0
2026-03-15 09:05:00Z;4.19;15.01;0.67;1.25;94.93;0.0;0.62;15.8;0.32;95.47;0.0
2026-03-15 09:10:00Z;4.19;14.73;0.0;1.25;94.68;0.0;0.62;15.56;0.32;95.47;0.0
2026-03-15 09:15:00Z;4.19;14.88;0.33;1.25;94.65;0.0;0.62;15.71;0.32;26.67;0.0
2026-03-15 09:20:00Z;4.19;15.24;0.0;1.25;95.17;0.0;0.62;15.99;0.32;81.43;0.0
2026-03-15 09:25:00Z;4.19;15.34;1.0;1.25;94.99;0.0;0.62;16.12;0.32;96.87;0.33
2026-03-15 09:30:00Z;4.19;15.3;0.0;1.25;94.4;0.0;0.62;16.19;0.32;94.06;0.0
2026-03-15 09:35:00Z;4.19;15.06;0.0;1.25;94.5;0.0;0.62;15.93;0.32;103.89;0.0
2026-03-15 09:40:00Z;4.19;15.16;0.0;6.25;94.44;0.0;1.88;16.04;0.32;223.22;0.0
2026-03-15 09:45:00Z;4.19;15.22;0.0;11.25;94.54;0.0;4.38;16.08;0.32;220.42;0.0
2026-03-15 09:50:00Z;4.19;15.19;0.0;18.75;94.5;0.0;6.88;16.06;0.32;220.42;0.0
2026-03-15 10:05:00Z;4.2;15.74;1.34;48.75;94.45;0.0;19.38;16.61;0.32;68.79;0.67
2026-03-15 10:10:00Z;4.2;16.02;1.34;98.75;94.07;0.0;71.88;16.96;0.32;65.98;0.67
2026-03-15 10:15:00Z;4.21;16.23;0.67;138.75;93.46;0.0;100.62;17.28;0.32;75.81;0.33
2026-03-15 10:20:00Z;4.21;16.47;1.0;176.25;93.21;0.0;120.62;17.56;0.32;87.04;0.33
2026-03-15 10:25:00Z;4.2;16.53;1.0;216.25;91.08;0.0;136.88;17.99;0.32;64.58;0.33
2026-03-15 10:30:00Z;4.2;16.59;1.34;251.25;89.72;0.0;154.38;18.29;0.32;58.96;0.67
2026-03-15 10:35:00Z;4.21;16.54;2.34;283.75;88.72;0.0;169.38;18.42;0.32;68.79;1.34
2026-03-15 10:40:00Z;4.22;16.81;2.0;313.75;88.68;0.0;185.62;18.69;0.32;61.77;1.34
2026-03-15 10:45:00Z;4.22;16.86;2.34;343.75;87.33;0.0;199.38;19.0;0.32;65.98;1.0
2026-03-15 10:50:00Z;4.23;17.06;2.34;371.25;86.68;0.0;214.38;19.32;0.32;53.35;1.34
2026-03-15 13:05:00Z;4.2;17.46;4.01;1281.25;57.25;0.0;666.88;26.59;0.32;25.27;2.34
2026-03-15 13:10:00Z;4.2;17.21;3.34;1311.25;55.42;0.0;681.88;26.87;0.32;9.83;2.0
2026-03-15 13:15:00Z;4.2;17.22;5.68;1341.25;54.69;0.0;695.62;27.1;0.32;37.91;2.0
2026-03-15 13:20:00Z;4.2;17.05;4.68;1393.75;55.28;0.0;714.38;26.74;0.32;22.46;2.67
2026-03-15 13:25:00Z;4.2;17.19;5.68;1453.75;53.98;0.0;726.88;27.3;0.32;30.89;2.34
2026-03-15 13:30:00Z;4.2;17.21;3.67;1473.75;52.45;0.0;750.62;27.81;0.32;12.64;2.0
2026-03-15 13:35:00Z;4.2;17.14;4.34;1466.25;53.3;0.0;774.38;27.47;0.32;8.42;2.34
2026-03-15 13:40:00Z;4.2;16.7;5.01;1468.75;51.36;0.0;773.12;27.62;0.32;28.08;2.34
2026-03-15 13:45:00Z;4.2;16.9;3.67;1483.75;52.54;0.0;758.12;27.45;0.32;28.08;2.34
2026-03-15 13:50:00Z;4.2;17.12;3.67;1501.25;51.5;0.0;766.88;28.02;0.32;28.08;2.0
2026-03-15 15:00:00Z;4.2;16.71;2.67;1748.75;45.5;0.0;893.12;29.72;0.32;42.12;1.34
2026-03-15 15:05:00Z;4.2;16.57;3.34;1773.75;44.67;0.0;906.88;29.89;0.32;33.69;1.67
2026-03-15 15:10:00Z;4.2;16.21;4.34;1741.25;44.91;0.0;889.38;29.4;0.32;23.87;2.34
2026-03-15 15:15:00Z;4.2;16.3;4.68;1746.25;44.34;0.0;891.88;29.72;0.32;49.14;2.34
2026-03-15 15:20:00Z;4.2;16.22;4.68;1746.25;44.67;0.0;891.88;29.5;0.32;35.1;2.67
2026-03-15 15:25:00Z;4.2;16.38;5.01;1758.75;44.35;0.0;900.62;29.8;0.32;50.54;2.0
2026-03-15 15:30:00Z;4.2;16.52;4.34;1758.75;44.02;0.0;899.38;30.08;0.32;42.12;2.0
2026-03-15 15:35:00Z;4.2;15.73;3.01;1763.75;42.01;0.0;901.88;30.02;0.32;36.5;2.0
2026-03-15 15:40:00Z;4.2;16.01;4.01;1768.75;41.59;0.0;905.62;30.51;0.32;21.06;2.34
2026-03-15 15:45:00Z;4.2;15.65;5.01;1778.75;41.66;0.0;911.88;30.08;0.32;18.25;2.34
2026-03-15 15:50:00Z;4.2;15.7;4.34;1776.25;41.44;0.0;909.38;30.23;0.32;43.52;2.67
2026-03-15 16:05:00Z;4.2;15.94;4.68;1796.25;40.85;0.0;918.12;30.75;0.32;22.46;2.67
2026-03-15 16:10:00Z;4.2;15.81;4.34;1766.25;39.69;0.0;901.88;31.11;0.32;343.96;1.67
2026-03-15 16:15:00Z;4.2;15.53;4.34;1776.25;40.44;0.0;908.12;30.47;0.32;15.44;2.0
2026-03-15 16:20:00Z;4.2;15.66;3.01;338.75;41.47;0.0;144.38;30.17;0.32;21.06;1.67
2026-03-15 16:25:00Z;4.2;15.66;3.34;1746.25;41.57;0.0;890.62;30.13;0.32;277.98;1.34
2026-03-15 16:30:00Z;4.2;15.23;4.34;1733.75;38.52;0.0;884.38;30.98;0.32;36.5;2.34
2026-03-15 16:35:00Z;4.2;15.48;2.67;1733.75;39.46;0.0;883.12;30.83;0.32;7.02;1.67
2026-03-15 16:40:00Z;4.2;15.23;4.68;1721.25;39.6;0.0;875.62;30.49;0.31;51.95;2.34
2026-03-15 16:45:00Z;4.2;15.52;3.01;1716.25;39.56;0.0;875.62;30.83;0.31;71.6;1.34
2026-03-15 16:50:00Z;4.2;15.63;5.01;1703.75;38.65;0.0;870.62;31.37;0.31;4.21;2.34
2026-03-15 18:45:00Z;4.2;15.47;3.67;1336.25;34.89;0.0;685.62;33.0;0.31;28.08;1.67
2026-03-15 18:50:00Z;4.2;15.22;4.01;1328.75;35.34;0.0;678.12;32.49;0.31;15.44;2.34
2026-03-15 18:55:00Z;4.2;15.42;3.67;1261.25;35.0;0.0;643.12;32.89;0.31;22.46;2.0
2026-03-15 19:00:00Z;4.2;14.8;3.01;1256.25;34.24;0.0;641.88;32.57;0.31;356.6;2.0
2026-03-15 19:05:00Z;4.2;14.86;2.0;1208.75;33.56;0.0;618.12;33.0;0.31;5.62;1.0
2026-03-15 19:10:00Z;4.2;14.89;3.67;1163.75;33.83;0.0;596.88;32.89;0.31;33.69;2.0
2026-03-15 19:15:00Z;4.2;15.45;3.01;1118.75;34.31;0.0;574.38;33.28;0.31;9.83;1.34
2026-03-15 19:20:00Z;4.2;15.45;4.68;1098.75;35.11;0.0;561.88;32.87;0.31;19.65;2.34
2026-03-15 20:00:00Z;4.2;15.35;3.01;826.25;34.97;0.0;423.12;32.83;0.32;40.71;1.34
2026-03-15 20:05:00Z;4.2;16.19;2.67;803.75;36.84;0.0;414.38;32.85;0.32;56.16;1.67
2026-03-15 20:10:00Z;4.2;15.59;4.01;758.75;36.38;0.0;391.88;32.4;0.31;50.54;2.34
2026-03-15 20:15:00Z;4.2;15.35;3.67;703.75;35.74;0.0;359.38;32.44;0.31;35.1;2.0
2026-03-15 20:20:00Z;4.2;15.2;4.34;208.75;36.61;0.0;81.88;31.84;0.32;57.56;2.34
2026-03-15 20:25:00Z;4.2;15.35;3.34;598.75;37.78;0.0;303.12;31.46;0.31;82.83;2.0
2026-03-15 20:30:00Z;4.2;15.58;3.01;571.25;37.5;0.0;289.38;31.84;0.32;91.25;2.0
2026-03-15 20:35:00Z;4.2;15.49;2.67;523.75;36.73;0.0;265.62;32.12;0.32;53.35;1.0
2026-03-15 20:40:00Z;4.2;15.38;2.67;478.75;36.77;0.0;243.12;31.97;0.32;53.35;1.67
2026-03-15 20:45:00Z;4.2;15.6;3.01;448.75;37.42;0.0;226.88;31.91;0.31;43.52;1.67
2026-03-15 20:50:00Z;4.2;15.55;2.67;413.75;37.31;0.0;210.62;31.91;0.31;22.46;1.67
2026-03-15 21:00:00Z;4.2;15.64;2.67;338.75;38.35;0.0;173.12;31.52;0.31;26.67;1.34
2026-03-15 21:05:00Z;4.2;15.82;2.34;308.75;38.66;0.0;159.38;31.58;0.31;32.29;1.0
2026-03-15 21:10:00Z;4.2;15.5;3.67;273.75;38.72;0.0;141.88;31.2;0.31;58.96;1.67
2026-03-15 21:15:00Z;4.2;15.56;4.34;241.25;39.23;0.0;125.62;31.03;0.32;54.75;2.34
2026-03-15 21:20:00Z;4.2;15.69;3.34;78.75;40.68;0.0;23.12;30.53;0.32;57.56;2.0
2026-03-15 21:25:00Z;4.2;15.7;3.34;71.25;41.12;0.0;21.88;30.36;0.31;57.56;2.0
2026-03-15 21:30:00Z;4.2;15.8;3.67;66.25;41.73;0.0;19.38;30.21;0.32;56.16;1.67
2026-03-15 21:35:00Z;4.2;15.92;2.34;58.75;42.52;0.0;18.12;30.02;0.32;58.96;1.34
2026-03-15 21:40:00Z;4.2;15.97;3.01;51.25;43.24;0.0;15.62;29.78;0.32;54.75;1.67
2026-03-15 21:45:00Z;4.2;16.02;2.0;43.75;43.93;0.0;14.38;29.57;0.32;57.56;1.34
2026-03-15 21:50:00Z;4.2;15.92;2.67;33.75;44.15;0.0;11.88;29.38;0.32;58.96;1.34
2026-03-15 22:05:00Z;4.2;15.89;3.34;8.75;46.13;0.0;3.12;28.58;0.31;60.37;1.67
2026-03-15 22:10:00Z;4.2;15.94;3.01;3.75;47.07;0.0;1.88;28.28;0.31;61.77;1.67
2026-03-15 22:15:00Z;4.2;15.98;2.34;1.25;47.92;0.0;0.62;28.02;0.31;58.96;1.34
2026-03-15 22:20:00Z;4.2;15.92;3.01;1.25;48.34;0.0;0.62;27.81;0.31;56.16;1.34
2026-03-15 22:25:00Z;4.2;15.92;2.34;1.25;48.69;0.0;0.62;27.68;0.31;50.54;1.34
2026-03-15 22:30:00Z;4.2;15.85;2.67;1.25;48.43;0.0;0.62;27.7;0.31;60.37;1.67
2026-03-15 22:35:00Z;4.2;15.9;2.34;1.25;48.93;0.0;0.62;27.57;0.32;60.37;1.34
2026-03-15 22:40:00Z;4.2;15.84;3.01;1.25;48.52;0.0;0.62;27.66;0.31;61.77;1.67
2026-03-15 22:45:00Z;4.2;15.86;2.34;1.25;49.05;0.0;0.62;27.49;0.32;63.18;1.34
2026-03-15 22:50:00Z;4.2;15.94;3.01;1.25;49.26;0.0;0.62;27.51;0.31;61.77;1.34
2026-03-16 05:10:00Z;4.19;18.02;3.01;1.25;79.37;0.0;0.62;21.72;0.32;78.62;1.34
2026-03-16 05:15:00Z;4.19;18.05;3.01;1.25;79.46;0.0;0.62;21.74;0.32;78.62;1.67
2026-03-16 05:20:00Z;4.19;18.05;2.34;1.25;80.15;0.0;0.62;21.59;0.32;87.04;1.34
2026-03-16 05:25:00Z;4.19;18.02;2.67;1.25;80.33;0.0;0.62;21.53;0.32;89.85;1.34
2026-03-16 05:30:00Z;4.19;18.01;2.67;1.25;80.83;0.0;0.62;21.42;0.32;84.24;1.34
2026-03-16 05:35:00Z;4.19;18.06;2.67;1.25;81.4;0.0;0.62;21.35;0.32;80.02;1.34
2026-03-16 05:40:00Z;4.19;18.14;2.67;1.25;81.92;0.0;0.62;21.33;0.32;74.41;1.34
2026-03-16 05:45:00Z;4.19;18.15;2.34;1.25;81.77;0.0;0.62;21.38;0.32;70.2;1.34
2026-03-16 05:50:00Z;4.19;18.33;3.01;1.25;81.8;0.0;0.62;21.55;0.32;71.6;1.67
2026-03-16 09:40:00Z;4.19;18.15;3.01;3.75;89.8;0.0;1.88;19.85;0.32;87.04;2.0
2026-03-16 09:45:00Z;4.19;18.16;2.67;8.75;89.49;0.0;4.38;19.92;0.32;87.04;1.67
2026-03-16 09:50:00Z;4.19;18.11;2.67;16.25;89.57;0.0;6.88;19.85;0.32;87.04;1.67
2026-03-16 09:55:00Z;4.19;18.15;3.01;26.25;89.56;0.0;11.88;19.9;0.32;85.64;1.34
2026-03-16 10:00:00Z;4.19;18.15;3.01;36.25;89.29;0.0;14.38;19.94;0.32;87.04;1.67
2026-03-16 10:05:00Z;4.2;18.16;3.01;48.75;88.99;0.0;20.62;20.0;0.32;87.04;2.0
2026-03-16 10:10:00Z;4.2;18.25;2.67;81.25;88.81;0.0;60.62;20.13;0.32;89.85;1.34
2026-03-16 10:15:00Z;4.2;18.31;2.67;108.75;87.97;0.0;79.38;20.35;0.32;88.45;1.67
2026-03-16 10:20:00Z;4.2;18.28;3.01;141.25;87.46;0.0;98.12;20.41;0.32;94.06;2.0
2026-03-16 13:50:00Z;4.2;20.0;4.34;1536.25;53.88;0.0;800.62;30.36;0.31;33.69;2.34
2026-03-16 13:55:00Z;4.2;20.22;3.67;1543.75;53.76;0.0;808.12;30.64;0.31;33.69;2.34
2026-03-16 14:00:00Z;4.2;20.19;4.34;1638.75;53.26;0.0;856.88;30.77;0.31;18.25;2.67
2026-03-16 14:05:00Z;4.2;20.11;4.68;1698.75;51.97;0.0;889.38;31.11;0.31;39.31;2.34
2026-03-16 14:10:00Z;4.2;20.05;4.68;638.75;54.24;0.0;294.38;30.3;0.31;28.08;2.67
2026-03-16 14:15:00Z;4.2;20.1;4.34;761.25;52.45;0.0;355.62;30.94;0.31;37.91;2.34
2026-03-16 14:20:00Z;4.2;20.39;4.34;1793.75;52.94;0.0;930.62;31.09;0.31;19.65;2.34
2026-03-16 17:15:00Z;4.2;19.53;4.34;1841.25;39.92;0.0;954.38;35.19;0.31;35.1;2.34
2026-03-16 17:20:00Z;4.2;19.49;3.67;371.25;39.63;0.0;164.38;35.27;0.31;33.69;2.0
2026-03-16 17:25:00Z;4.2;18.93;4.01;1758.75;39.5;0.0;900.62;34.69;0.31;51.95;2.0
2026-03-16 17:30:00Z;4.2;19.11;3.34;1728.75;38.65;0.0;885.62;35.3;0.31;73.0;2.0
2026-03-16 17:35:00Z;4.2;19.6;3.34;1688.75;39.79;0.0;869.38;35.32;0.31;46.33;1.67
2026-03-16 17:40:00Z;4.2;19.01;4.34;1676.25;39.15;0.0;863.12;34.95;0.31;71.6;2.34
2026-03-16 17:45:00Z;4.2;19.18;2.0;401.25;37.88;0.0;183.12;35.75;0.31;112.31;0.67
2026-03-16 17:50:00Z;4.2;19.5;1.67;1713.75;39.15;0.0;904.38;35.51;0.31;301.84;1.0
2026-03-16 20:05:00Z;4.2;19.78;4.34;321.25;42.75;0.0;161.88;34.22;0.31;77.22;2.34
2026-03-16 20:10:00Z;4.2;19.5;3.67;248.75;42.63;0.0;124.38;33.97;0.31;65.98;2.0
2026-03-16 20:15:00Z;4.2;19.87;3.67;156.25;43.83;0.0;76.88;33.88;0.31;51.95;2.0
2026-03-16 20:20:00Z;4.2;20.03;9.68;91.25;50.35;0.0;45.62;31.58;0.31;19.65;4.01
2026-03-16 20:25:00Z;4.2;20.05;7.68;68.75;59.58;0.0;35.62;28.67;0.31;358.0;4.01
2026-03-16 20:30:00Z;4.21;20.06;5.68;58.75;61.2;0.0;31.88;28.22;0.31;1.4;3.67
2026-03-16 20:35:00Z;4.21;20.21;6.35;76.25;61.53;0.0;43.12;28.28;0.31;1.4;2.67
2026-03-16 20:40:00Z;4.21;20.33;3.67;91.25;61.32;0.0;50.62;28.48;0.31;1.4;2.34
2026-03-16 20:45:00Z;4.21;20.43;4.34;103.75;61.62;0.0;56.88;28.5;0.31;356.6;2.0
2026-03-16 20:50:00Z;4.21;20.5;4.01;108.75;62.2;0.0;60.62;28.41;0.31;353.79;2.0
2026-03-16 22:05:00Z;4.2;20.37;1.0;1.25;57.4;0.0;0.62;29.65;0.31;19.65;0.33
2026-03-16 22:10:00Z;4.2;20.29;1.67;1.25;57.27;0.0;0.62;29.61;0.31;35.1;0.67
2026-03-16 22:15:00Z;4.2;20.33;1.34;1.25;57.78;0.0;0.62;29.5;0.31;43.52;0.67
2026-03-16 22:20:00Z;4.2;20.34;1.0;1.25;58.58;0.0;0.62;29.27;0.31;15.44;0.33
2026-03-16 22:25:00Z;4.2;20.47;1.0;1.25;59.45;0.0;0.62;29.16;0.31;32.29;0.33
2026-03-16 22:30:00Z;4.2;20.37;1.0;1.25;59.45;0.0;0.62;29.05;0.31;32.29;0.67
2026-03-16 22:35:00Z;4.2;20.37;1.67;1.25;59.5;0.0;0.62;29.03;0.31;44.93;0.67
2026-03-16 22:40:00Z;4.2;20.36;1.34;1.25;59.83;0.0;0.62;28.93;0.31;37.91;0.33
2026-03-16 22:45:00Z;4.2;20.38;1.34;1.25;60.15;0.0;0.62;28.86;0.31;50.54;0.67
2026-03-16 22:50:00Z;4.2;20.38;1.0;1.25;60.36;0.0;0.62;28.8;0.31;30.89;0.67
2026-03-17 04:20:00Z;4.19;20.94;1.34;1.25;82.84;0.0;0.62;24.01;0.31;94.06;1.0
2026-03-17 04:25:00Z;4.19;20.97;2.34;1.25;82.88;0.0;0.62;24.04;0.31;92.66;1.0
2026-03-17 04:30:00Z;4.19;20.9;2.0;1.25;83.07;0.0;0.62;23.93;0.31;92.66;1.34
2026-03-17 04:35:00Z;4.2;20.9;2.34;1.25;83.25;0.0;0.62;23.89;0.31;92.66;1.34
2026-03-17 04:40:00Z;4.19;20.81;2.0;1.25;83.64;0.0;0.62;23.71;0.31;94.06;1.0
2026-03-17 04:45:00Z;4.2;20.81;2.0;1.25;84.19;0.0;0.62;23.61;0.31;98.27;1.34
2026-03-17 04:50:00Z;4.19;20.9;1.67;1.25;84.79;0.0;0.62;23.58;0.31;91.25;1.0
2026-03-17 07:10:00Z;4.19;21.22;1.34;1.25;93.61;0.0;0.62;22.28;0.31;136.18;0.33
2026-03-17 07:15:00Z;4.19;21.32;1.34;1.25;93.81;0.0;0.62;22.34;0.31;113.72;0.33
2026-03-17 07:20:00Z;4.19;21.35;1.0;1.25;93.85;0.0;0.62;22.36;0.31;101.08;0.67
2026-03-17 07:25:00Z;4.19;21.4;1.34;1.25;93.91;0.0;0.62;22.41;0.31;101.08;0.67
2026-03-17 07:30:00Z;4.19;21.41;1.34;1.25;93.92;0.0;0.62;22.41;0.31;108.1;0.67
2026-03-17 07:35:00Z;4.19;21.43;1.0;1.25;93.94;0.0;0.62;22.43;0.31;102.49;0.33
2026-03-17 07:40:00Z;4.19;21.44;0.67;1.25;93.98;0.0;0.62;22.43;0.31;108.1;0.33
2026-03-17 07:45:00Z;4.19;21.39;0.67;1.25;93.93;0.0;0.62;22.38;0.31;108.1;0.33
2026-03-17 07:50:00Z;4.19;21.23;0.0;1.25;93.99;0.0;0.62;22.21;0.31;108.1;0.0
2026-03-17 10:35:00Z;4.21;22.45;2.67;143.75;92.25;0.0;86.88;23.76;0.31;61.77;1.67
2026-03-17 10:40:00Z;4.21;22.41;2.34;98.75;92.03;0.0;46.88;23.76;0.31;63.18;1.34
2026-03-17 10:45:00Z;4.21;22.47;2.34;91.25;91.97;0.0;40.62;23.82;0.31;46.33;0.67
2026-03-17 10:50:00Z;4.21;22.5;0.67;103.75;92.06;0.0;48.12;23.84;0.31;32.29;0.33
2026-03-17 10:55:00Z;4.21;22.6;0.67;151.25;92.23;0.0;74.38;23.91;0.31;15.44;0.33
2026-03-17 11:00:00Z;4.2;22.6;1.34;156.25;91.91;0.0;78.12;23.97;0.31;54.75;0.67
2026-03-17 11:05:00Z;4.2;22.79;1.34;188.75;91.89;0.0;95.62;24.16;0.31;63.18;0.33
2026-03-17 11:10:00Z;4.2;22.85;1.34;238.75;91.63;0.0;128.12;24.27;0.31;43.52;0.67
2026-03-17 11:15:00Z;4.2;23.21;1.34;601.25;89.55;0.0;366.88;25.02;0.31;39.31;0.67
2026-03-17 11:20:00Z;4.2;23.07;2.0;668.75;85.98;0.0;405.62;25.56;0.31;35.1;1.34
2026-03-17 14:45:00Z;4.2;20.51;3.01;363.75;67.68;0.0;184.38;26.97;0.31;350.98;1.67
2026-03-17 14:50:00Z;4.2;20.35;2.67;363.75;67.03;0.0;180.62;26.97;0.31;358.0;1.34
2026-03-17 14:55:00Z;4.2;20.43;2.67;333.75;67.68;0.0;165.62;26.89;0.31;352.38;1.34
2026-03-17 15:00:00Z;4.2;20.34;3.34;371.25;67.9;0.0;183.12;26.74;0.31;342.56;1.67
2026-03-17 15:05:00Z;4.2;20.48;2.34;473.75;67.89;0.0;229.38;26.89;0.31;346.77;1.34
2026-03-17 15:10:00Z;4.2;20.5;1.67;496.25;66.86;0.0;243.12;27.17;0.31;318.69;0.67
2026-03-17 15:15:00Z;4.2;20.62;1.0;528.75;66.54;0.0;260.62;27.38;0.31;293.42;0.67
2026-03-17 15:20:00Z;4.2;20.53;1.0;623.75;65.26;0.0;310.62;27.62;0.31;78.62;0.67
2026-03-17 18:45:00Z;4.22;20.19;2.0;196.25;56.7;0.0;95.62;29.68;0.31;0.0;0.67
2026-03-17 18:50:00Z;4.22;20.26;1.34;176.25;56.96;0.0;84.38;29.68;0.31;0.0;0.67
2026-03-17 18:55:00Z;4.22;20.41;1.34;148.75;57.41;0.0;70.62;29.7;0.31;40.71;0.67
2026-03-17 19:00:00Z;4.21;20.24;2.0;106.25;56.97;0.0;49.38;29.65;0.31;42.12;0.67
2026-03-17 19:05:00Z;4.21;19.92;2.0;76.25;56.39;0.0;35.62;29.48;0.31;9.83;1.0
2026-03-17 19:10:00Z;4.21;19.96;1.0;86.25;56.69;0.0;38.12;29.44;0.31;355.19;0.67
2026-03-17 19:15:00Z;4.21;19.76;1.67;73.75;56.33;0.0;31.88;29.33;0.31;350.98;0.67
2026-03-17 19:20:00Z;4.21;19.89;1.34;36.25;57.12;0.0;15.62;29.23;0.31;332.73;0.67
2026-03-17 21:00:00Z;4.2;16.66;10.02;36.25;93.98;0.0;15.62;17.62;0.31;196.55;5.68
2026-03-17 21:05:00Z;4.2;16.71;8.68;28.75;93.51;0.2;13.12;17.75;0.31;202.16;5.34
2026-03-17 21:10:00Z;4.2;16.69;9.35;21.25;92.99;0.0;9.38;17.82;0.31;197.95;5.34
2026-03-17 21:15:00Z;4.2;16.76;9.02;18.75;92.26;0.0;8.12;18.01;0.31;193.74;5.01
2026-03-17 21:20:00Z;4.2;16.66;10.02;16.25;90.98;0.0;6.88;18.14;0.31;182.51;4.68
2026-03-17 21:25:00Z;4.2;16.59;9.35;11.25;89.97;0.0;4.38;18.24;0.31;176.89;5.34
2026-03-17 21:30:00Z;4.2;16.62;8.35;8.75;89.91;0.0;3.12;18.29;0.31;172.68;4.01
2026-03-17 21:35:00Z;4.2;16.62;7.68;8.75;89.26;0.0;3.12;18.39;0.31;176.89;4.01
2026-03-17 21:40:00Z;4.2;16.68;6.68;6.25;89.49;0.0;3.12;18.42;0.31;175.49;3.34
2026-03-17 21:45:00Z;4.2;16.74;4.34;6.25;89.83;0.0;1.88;18.42;0.31;185.32;2.67
2026-03-17 21:50:00Z;4.2;16.77;5.34;3.75;89.77;0.0;0.62;18.46;0.31;178.3;2.67
2026-03-17 22:50:00Z;4.2;17.23;11.02;1.25;90.7;0.0;0.62;18.76;0.31;130.56;5.68
2026-03-17 22:55:00Z;4.2;17.26;9.02;1.25;90.62;0.0;0.62;18.8;0.31;129.16;5.01
2026-03-17 23:00:00Z;4.2;17.32;8.68;1.25;90.96;0.0;0.62;18.8;0.31;129.16;5.01
2026-03-17 23:05:00Z;4.2;17.36;6.68;1.25;91.07;0.0;0.62;18.82;0.31;124.95;4.68
2026-03-17 23:10:00Z;4.2;17.37;7.35;1.25;91.02;0.0;0.62;18.84;0.31;126.35;4.34
2026-03-17 23:15:00Z;4.2;17.35;6.68;1.25;90.64;0.0;0.62;18.89;0.31;131.97;4.34
2026-03-17 23:20:00Z;4.2;17.27;6.68;1.25;89.83;0.0;0.62;18.95;0.31;129.16;4.01
2026-03-18 04:45:00Z;4.2;16.87;3.67;1.25;93.21;0.0;0.62;17.97;0.31;207.78;2.0
2026-03-18 04:50:00Z;4.2;16.8;2.67;1.25;93.25;0.0;0.62;17.88;0.31;224.63;1.67
2026-03-18 04:55:00Z;4.19;16.75;3.34;1.25;93.33;0.0;0.62;17.82;0.31;228.84;1.34
2026-03-18 05:00:00Z;4.19;16.69;3.34;1.25;93.51;0.0;0.62;17.73;0.31;230.24;1.67
2026-03-18 05:05:00Z;4.2;16.64;3.34;1.25;93.74;0.0;0.62;17.64;0.31;219.01;1.67
2026-03-18 05:10:00Z;4.19;16.68;3.34;1.25;93.93;0.0;0.62;17.64;0.31;221.82;1.67
2026-03-18 05:15:00Z;4.19;16.58;3.34;1.25;94.02;0.0;0.62;17.54;0.31;228.84;1.67
2026-03-18 05:20:00Z;4.19;16.6;3.01;1.25;94.23;0.0;0.62;17.52;0.31;224.63;1.67
2026-03-18 07:10:00Z;4.19;18.1;6.01;1.25;94.76;0.0;0.62;18.93;0.31;174.09;3.34
2026-03-18 07:15:00Z;4.19;18.2;6.68;1.25;94.72;0.0;0.62;19.04;0.31;172.68;3.34
2026-03-18 07:20:00Z;4.19;18.24;5.01;1.25;94.63;0.0;0.62;19.1;0.31;169.87;3.34
2026-03-18 07:25:00Z;4.19;18.34;6.35;1.25;94.56;0.0;0.62;19.21;0.31;169.87;3.34
2026-03-18 07:30:00Z;4.19;18.4;4.68;1.25;94.51;0.0;0.62;19.27;0.31;172.68;2.67
2026-03-18 07:35:00Z;4.19;18.46;6.35;1.25;94.38;0.0;0.62;19.36;0.31;172.68;3.34
2026-03-18 07:40:00Z;4.19;18.53;6.68;1.25;94.31;0.0;0.62;19.45;0.31;175.49;3.34
2026-03-18 07:45:00Z;4.19;18.58;5.68;1.25;94.1;0.0;0.62;19.53;0.31;171.28;3.34
2026-03-18 07:50:00Z;4.19;18.61;6.35;1.25;93.8;0.0;0.62;19.62;0.31;171.28;3.67
2026-03-18 10:40:00Z;4.21;18.65;6.35;76.25;92.02;0.0;39.38;19.96;0.31;179.7;3.34
2026-03-18 10:45:00Z;4.21;18.54;7.01;96.25;91.49;0.0;49.38;19.94;0.31;171.28;3.34
2026-03-18 10:50:00Z;4.22;18.44;6.01;123.75;90.85;0.0;64.38;19.96;0.31;169.87;3.34
2026-03-18 10:55:00Z;4.21;18.34;7.68;131.25;90.15;0.0;70.62;19.98;0.31;168.47;4.01
2026-03-18 11:00:00Z;4.2;18.27;5.68;131.25;89.64;0.0;68.12;20.0;0.31;172.68;3.34
2026-03-18 11:05:00Z;4.2;18.33;4.34;141.25;89.5;0.0;74.38;20.09;0.31;179.7;2.67
2026-03-18 11:10:00Z;4.2;18.29;6.01;156.25;89.15;0.0;81.88;20.11;0.31;168.47;2.67
2026-03-18 11:15:00Z;4.2;18.33;5.68;168.75;89.25;0.0;89.38;20.13;0.31;178.3;2.67
2026-03-18 11:20:00Z;4.2;18.39;5.01;173.75;89.33;0.0;90.62;20.17;0.31;188.13;2.34
2026-03-18 15:00:00Z;4.2;17.49;9.02;2136.25;62.9;0.0;1128.12;25.02;0.31;155.84;5.01
2026-03-18 15:05:00Z;4.2;17.64;9.02;2066.25;64.19;0.0;1086.88;24.85;0.31;160.05;5.01
2026-03-18 15:10:00Z;4.2;17.34;8.02;1978.75;63.22;0.0;1050.62;24.79;0.31;181.11;4.68
2026-03-18 15:15:00Z;4.2;16.89;8.02;961.25;60.59;0.0;489.38;25.02;0.31;165.66;4.34
2026-03-18 15:20:00Z;4.2;17.5;8.35;2186.25;62.56;0.0;1155.62;25.13;0.31;155.84;5.01
2026-03-18 15:25:00Z;4.2;17.2;8.35;1953.75;61.64;0.0;1019.38;25.06;0.31;157.24;4.68
2026-03-18 15:30:00Z;4.2;17.38;9.02;951.25;63.29;0.0;496.88;24.81;0.31;162.85;4.68
2026-03-18 15:35:00Z;4.2;16.88;7.68;1071.25;63.74;0.0;539.38;24.16;0.31;168.47;4.68
2026-03-18 15:40:00Z;4.2;17.4;8.02;938.75;63.52;0.0;478.12;24.76;0.31;176.89;3.67
2026-03-18 15:45:00Z;4.2;17.02;8.35;1963.75;62.28;0.0;1025.62;24.7;0.31;158.64;5.34
2026-03-18 15:50:00Z;4.2;17.3;7.35;2313.75;60.69;0.0;1221.88;25.43;0.31;162.85;4.34
2026-03-18 18:35:00Z;4.2;16.53;6.68;1273.75;55.5;0.0;649.38;26.12;0.31;164.26;3.34
2026-03-18 18:40:00Z;4.2;16.61;6.01;1243.75;55.64;0.0;635.62;26.16;0.31;164.26;3.67
2026-03-18 18:45:00Z;4.2;17.09;6.01;1223.75;57.07;0.0;625.62;26.24;0.31;161.45;3.67
2026-03-18 18:50:00Z;4.2;16.66;7.35;1193.75;56.97;0.0;610.62;25.82;0.31;160.05;4.34
2026-03-18 18:55:00Z;4.2;15.78;8.02;1166.25;52.65;0.0;598.12;26.2;0.31;167.07;3.67
2026-03-18 19:00:00Z;4.2;15.89;7.01;1131.25;53.47;0.0;579.38;26.05;0.31;164.26;3.67
2026-03-18 19:05:00Z;4.2;15.99;8.35;1103.75;53.89;0.0;565.62;26.03;0.31;167.07;4.01
2026-03-18 19:10:00Z;4.2;15.53;7.68;1071.25;52.72;0.0;550.62;25.9;0.31;176.89;4.34
2026-03-18 19:15:00Z;4.2;15.8;8.68;1038.75;53.1;0.0;531.88;26.07;0.31;175.49;4.01
2026-03-18 19:20:00Z;4.2;16.02;6.35;1006.25;52.46;0.0;516.88;26.52;0.31;161.45;3.01
2026-03-18 20:55:00Z;4.2;13.56;6.35;346.25;49.99;0.0;183.12;24.66;0.31;160.05;3.01
2026-03-18 21:00:00Z;4.2;13.26;5.01;316.25;49.55;0.0;168.12;24.49;0.31;167.07;3.01
2026-03-18 21:05:00Z;4.2;13.33;4.68;281.25;50.29;0.0;150.62;24.31;0.31;172.68;2.67
2026-03-18 21:10:00Z;4.2;13.66;5.01;248.75;51.76;0.0;134.38;24.19;0.31;169.87;2.34
2026-03-18 21:15:00Z;4.2;13.81;3.34;86.25;53.77;0.0;29.38;23.71;0.31;155.84;2.34
2026-03-18 21:20:00Z;4.2;14.07;5.34;76.25;55.63;0.0;24.38;23.43;0.31;161.45;2.67
2026-03-18 21:25:00Z;4.2;14.09;5.01;68.75;56.27;0.0;23.12;23.26;0.31;160.05;2.67
2026-03-18 21:30:00Z;4.2;14.2;5.68;61.25;57.11;0.0;20.62;23.13;0.31;161.45;2.67
2026-03-18 21:35:00Z;4.2;14.21;3.67;53.75;57.82;0.0;18.12;22.94;0.31;164.26;2.34
2026-03-18 21:40:00Z;4.2;14.15;4.34;46.25;58.2;0.0;15.62;22.77;0.31;158.64;2.34
2026-03-18 21:45:00Z;4.2;14.09;4.34;36.25;58.36;0.0;13.12;22.66;0.31;161.45;2.67
2026-03-18 21:50:00Z;4.2;14.14;4.68;28.75;59.6;0.0;10.62;22.36;0.31;167.07;2.34
2026-03-18 22:05:00Z;4.2;14.19;3.34;6.25;62.13;0.0;1.88;21.74;0.31;161.45;1.67
2026-03-18 22:10:00Z;4.2;14.22;3.34;1.25;62.8;0.0;0.62;21.59;0.31;165.66;2.0
2026-03-18 22:15:00Z;4.2;14.24;3.34;1.25;63.4;0.0;0.62;21.46;0.31;158.64;2.0
2026-03-18 22:20:00Z;4.2;14.35;2.67;1.25;64.68;0.0;0.62;21.25;0.31;157.24;1.67
2026-03-18 22:25:00Z;4.2;14.35;3.34;1.25;65.54;0.0;0.62;21.03;0.31;160.05;1.67
2026-03-18 22:30:00Z;4.2;14.36;3.34;1.25;66.63;0.0;0.62;20.78;0.31;160.05;1.67
2026-03-18 22:35:00Z;4.2;14.37;2.34;1.25;67.12;0.0;0.62;20.67;0.31;160.05;1.67
2026-03-18 22:40:00Z;4.2;14.35;3.01;1.25;67.56;0.0;0.62;20.54;0.31;165.66;1.67
2026-03-18 22:45:00Z;4.2;14.32;2.67;1.25;68.42;0.0;0.62;20.3;0.31;158.64;1.67
2026-03-18 22:50:00Z;4.2;14.29;1.67;1.25;69.59;0.0;0.62;20.0;0.31;151.62;1.0
2026-03-19 04:20:00Z;4.19;11.27;0.0;1.25;90.86;0.0;0.62;12.71;0.31;91.25;0.0
2026-03-19 04:25:00Z;4.19;11.17;0.0;1.25;91.56;0.0;0.62;12.5;0.31;95.47;0.0
2026-03-19 04:30:00Z;4.19;11.07;0.0;1.25;91.98;0.0;0.62;12.32;0.31;95.47;0.0
2026-03-19 04:35:00Z;4.19;10.96;0.0;1.25;92.32;0.0;0.62;12.15;0.31;95.47;0.0
2026-03-19 04:40:00Z;4.19;10.91;0.0;1.25;92.42;0.0;0.62;12.09;0.31;95.47;0.0
2026-03-19 04:45:00Z;4.2;10.83;0.0;1.25;92.55;0.0;0.62;11.98;0.31;95.47;0.0
2026-03-19 04:50:00Z;4.19;10.9;0.0;1.25;93.03;0.0;0.62;11.98;0.31;95.47;0.0
